2026-08-13T03:53:57.949+09:00  INFO 57319 --- [settlement-batch-performance] [           main] c.e.s.metrics.BenchmarkRunner            : BENCHMARK_SESSION|benchmarkId=20260813-100k-baseline-01|datasetSize=100000|chunkSize=1000|pageSize=1000|fetchSize=1000|schedule=PAGING,ZERO_OFFSET,PAGING,ZERO_OFFSET,ZERO_OFFSET,PAGING,PAGING,ZERO_OFFSET
2026-08-13T03:53:58.216+09:00  INFO 57319 --- [settlement-batch-performance] [           main] c.e.s.metrics.BenchmarkPageLog           : BENCHMARK_PAGE|reader=PAGING|page=0|positionType=OFFSET|positionValue=0|rows=1000|firstId=1|lastId=1000|durationNanos=177511791
2026-08-13T03:53:58.237+09:00  INFO 57319 --- [settlement-batch-performance] [           main] c.e.s.metrics.BenchmarkPageLog           : BENCHMARK_PAGE|reader=PAGING|page=1|positionType=OFFSET|positionValue=1000|rows=1000|firstId=1001|lastId=2000|durationNanos=7329292
2026-08-13T03:53:58.251+09:00  INFO 57319 --- [settlement-batch-performance] [           main] c.e.s.metrics.BenchmarkPageLog           : BENCHMARK_PAGE|reader=PAGING|page=2|positionType=OFFSET|positionValue=2000|rows=1000|firstId=2001|lastId=3000|durationNanos=7506541
2026-08-13T03:53:58.266+09:00  INFO 57319 --- [settlement-batch-performance] [           main] c.e.s.metrics.BenchmarkPageLog           : BENCHMARK_PAGE|reader=PAGING|page=3|positionType=OFFSET|positionValue=3000|rows=1000|firstId=3001|lastId=4000|durationNanos=8419166
2026-08-13T03:53:58.281+09:00  INFO 57319 --- [settlement-batch-performance] [           main] c.e.s.metrics.BenchmarkPageLog           : BENCHMARK_PAGE|reader=PAGING|page=4|positionType=OFFSET|positionValue=4000|rows=1000|firstId=4001|lastId=5000|durationNanos=8432166
2026-08-13T03:53:58.296+09:00  INFO 57319 --- [settlement-batch-performance] [           main] c.e.s.metrics.BenchmarkPageLog           : BENCHMARK_PAGE|reader=PAGING|page=5|positionType=OFFSET|positionValue=5000|rows=1000|firstId=5001|lastId=6000|durationNanos=10517750
2026-08-13T03:53:58.308+09:00  INFO 57319 --- [settlement-batch-performance] [           main] c.e.s.metrics.BenchmarkPageLog           : BENCHMARK_PAGE|reader=PAGING|page=6|positionType=OFFSET|positionValue=6000|rows=1000|firstId=6001|lastId=7000|durationNanos=6849750
2026-08-13T03:53:58.321+09:00  INFO 57319 --- [settlement-batch-performance] [           main] c.e.s.metrics.BenchmarkPageLog           : BENCHMARK_PAGE|reader=PAGING|page=7|positionType=OFFSET|positionValue=7000|rows=1000|firstId=7001|lastId=8000|durationNanos=7045833
2026-08-13T03:53:58.334+09:00  INFO 57319 --- [settlement-batch-performance] [           main] c.e.s.metrics.BenchmarkPageLog           : BENCHMARK_PAGE|reader=PAGING|page=8|positionType=OFFSET|positionValue=8000|rows=1000|firstId=8001|lastId=9000|durationNanos=7339458
2026-08-13T03:53:58.346+09:00  INFO 57319 --- [settlement-batch-performance] [           main] c.e.s.metrics.BenchmarkPageLog           : BENCHMARK_PAGE|reader=PAGING|page=9|positionType=OFFSET|positionValue=9000|rows=1000|firstId=9001|lastId=10000|durationNanos=7745666
2026-08-13T03:53:58.358+09:00  INFO 57319 --- [settlement-batch-performance] [           main] c.e.s.metrics.BenchmarkPageLog           : BENCHMARK_PAGE|reader=PAGING|page=10|positionType=OFFSET|positionValue=10000|rows=1000|firstId=10001|lastId=11000|durationNanos=6745542
2026-08-13T03:53:58.370+09:00  INFO 57319 --- [settlement-batch-performance] [           main] c.e.s.metrics.BenchmarkPageLog           : BENCHMARK_PAGE|reader=PAGING|page=11|positionType=OFFSET|positionValue=11000|rows=1000|firstId=11001|lastId=12000|durationNanos=7063042
2026-08-13T03:53:58.384+09:00  INFO 57319 --- [settlement-batch-performance] [           main] c.e.s.metrics.BenchmarkPageLog           : BENCHMARK_PAGE|reader=PAGING|page=12|positionType=OFFSET|positionValue=12000|rows=1000|firstId=12001|lastId=13000|durationNanos=8620417
2026-08-13T03:53:58.397+09:00  INFO 57319 --- [settlement-batch-performance] [           main] c.e.s.metrics.BenchmarkPageLog           : BENCHMARK_PAGE|reader=PAGING|page=13|positionType=OFFSET|positionValue=13000|rows=1000|firstId=13001|lastId=14000|durationNanos=8316416
2026-08-13T03:53:58.409+09:00  INFO 57319 --- [settlement-batch-performance] [           main] c.e.s.metrics.BenchmarkPageLog           : BENCHMARK_PAGE|reader=PAGING|page=14|positionType=OFFSET|positionValue=14000|rows=1000|firstId=14001|lastId=15000|durationNanos=7249500
2026-08-13T03:53:58.422+09:00  INFO 57319 --- [settlement-batch-performance] [           main] c.e.s.metrics.BenchmarkPageLog           : BENCHMARK_PAGE|reader=PAGING|page=15|positionType=OFFSET|positionValue=15000|rows=1000|firstId=15001|lastId=16000|durationNanos=7698875
2026-08-13T03:53:58.437+09:00  INFO 57319 --- [settlement-batch-performance] [           main] c.e.s.metrics.BenchmarkPageLog           : BENCHMARK_PAGE|reader=PAGING|page=16|positionType=OFFSET|positionValue=16000|rows=1000|firstId=16001|lastId=17000|durationNanos=10478167
2026-08-13T03:53:58.451+09:00  INFO 57319 --- [settlement-batch-performance] [           main] c.e.s.metrics.BenchmarkPageLog           : BENCHMARK_PAGE|reader=PAGING|page=17|positionType=OFFSET|positionValue=17000|rows=1000|firstId=17001|lastId=18000|durationNanos=8645708
2026-08-13T03:53:58.464+09:00  INFO 57319 --- [settlement-batch-performance] [           main] c.e.s.metrics.BenchmarkPageLog           : BENCHMARK_PAGE|reader=PAGING|page=18|positionType=OFFSET|positionValue=18000|rows=1000|firstId=18001|lastId=19000|durationNanos=8651333
2026-08-13T03:53:58.476+09:00  INFO 57319 --- [settlement-batch-performance] [           main] c.e.s.metrics.BenchmarkPageLog           : BENCHMARK_PAGE|reader=PAGING|page=19|positionType=OFFSET|positionValue=19000|rows=1000|firstId=19001|lastId=20000|durationNanos=7419958
2026-08-13T03:53:58.489+09:00  INFO 57319 --- [settlement-batch-performance] [           main] c.e.s.metrics.BenchmarkPageLog           : BENCHMARK_PAGE|reader=PAGING|page=20|positionType=OFFSET|positionValue=20000|rows=1000|firstId=20001|lastId=21000|durationNanos=7677167
2026-08-13T03:53:58.502+09:00  INFO 57319 --- [settlement-batch-performance] [           main] c.e.s.metrics.BenchmarkPageLog           : BENCHMARK_PAGE|reader=PAGING|page=21|positionType=OFFSET|positionValue=21000|rows=1000|firstId=21001|lastId=22000|durationNanos=8270667
2026-08-13T03:53:58.515+09:00  INFO 57319 --- [settlement-batch-performance] [           main] c.e.s.metrics.BenchmarkPageLog           : BENCHMARK_PAGE|reader=PAGING|page=22|positionType=OFFSET|positionValue=22000|rows=1000|firstId=22001|lastId=23000|durationNanos=8406791
2026-08-13T03:53:58.530+09:00  INFO 57319 --- [settlement-batch-performance] [           main] c.e.s.metrics.BenchmarkPageLog           : BENCHMARK_PAGE|reader=PAGING|page=23|positionType=OFFSET|positionValue=23000|rows=1000|firstId=23001|lastId=24000|durationNanos=9635458
2026-08-13T03:53:58.543+09:00  INFO 57319 --- [settlement-batch-performance] [           main] c.e.s.metrics.BenchmarkPageLog           : BENCHMARK_PAGE|reader=PAGING|page=24|positionType=OFFSET|positionValue=24000|rows=1000|firstId=24001|lastId=25000|durationNanos=7788000
2026-08-13T03:53:58.555+09:00  INFO 57319 --- [settlement-batch-performance] [           main] c.e.s.metrics.BenchmarkPageLog           : BENCHMARK_PAGE|reader=PAGING|page=25|positionType=OFFSET|positionValue=25000|rows=1000|firstId=25001|lastId=26000|durationNanos=7869292
2026-08-13T03:53:58.568+09:00  INFO 57319 --- [settlement-batch-performance] [           main] c.e.s.metrics.BenchmarkPageLog           : BENCHMARK_PAGE|reader=PAGING|page=26|positionType=OFFSET|positionValue=26000|rows=1000|firstId=26001|lastId=27000|durationNanos=8683042
2026-08-13T03:53:58.581+09:00  INFO 57319 --- [settlement-batch-performance] [           main] c.e.s.metrics.BenchmarkPageLog           : BENCHMARK_PAGE|reader=PAGING|page=27|positionType=OFFSET|positionValue=27000|rows=1000|firstId=27001|lastId=28000|durationNanos=8437167
2026-08-13T03:53:58.594+09:00  INFO 57319 --- [settlement-batch-performance] [           main] c.e.s.metrics.BenchmarkPageLog           : BENCHMARK_PAGE|reader=PAGING|page=28|positionType=OFFSET|positionValue=28000|rows=1000|firstId=28001|lastId=29000|durationNanos=8056708
2026-08-13T03:53:58.606+09:00  INFO 57319 --- [settlement-batch-performance] [           main] c.e.s.metrics.BenchmarkPageLog           : BENCHMARK_PAGE|reader=PAGING|page=29|positionType=OFFSET|positionValue=29000|rows=1000|firstId=29001|lastId=30000|durationNanos=8081083
2026-08-13T03:53:58.619+09:00  INFO 57319 --- [settlement-batch-performance] [           main] c.e.s.metrics.BenchmarkPageLog           : BENCHMARK_PAGE|reader=PAGING|page=30|positionType=OFFSET|positionValue=30000|rows=1000|firstId=30001|lastId=31000|durationNanos=8601875
2026-08-13T03:53:58.632+09:00  INFO 57319 --- [settlement-batch-performance] [           main] c.e.s.metrics.BenchmarkPageLog           : BENCHMARK_PAGE|reader=PAGING|page=31|positionType=OFFSET|positionValue=31000|rows=1000|firstId=31001|lastId=32000|durationNanos=8228375
2026-08-13T03:53:58.645+09:00  INFO 57319 --- [settlement-batch-performance] [           main] c.e.s.metrics.BenchmarkPageLog           : BENCHMARK_PAGE|reader=PAGING|page=32|positionType=OFFSET|positionValue=32000|rows=1000|firstId=32001|lastId=33000|durationNanos=8053041
2026-08-13T03:53:58.658+09:00  INFO 57319 --- [settlement-batch-performance] [           main] c.e.s.metrics.BenchmarkPageLog           : BENCHMARK_PAGE|reader=PAGING|page=33|positionType=OFFSET|positionValue=33000|rows=1000|firstId=33001|lastId=34000|durationNanos=8953458
2026-08-13T03:53:58.671+09:00  INFO 57319 --- [settlement-batch-performance] [           main] c.e.s.metrics.BenchmarkPageLog           : BENCHMARK_PAGE|reader=PAGING|page=34|positionType=OFFSET|positionValue=34000|rows=1000|firstId=34001|lastId=35000|durationNanos=8024000
2026-08-13T03:53:58.683+09:00  INFO 57319 --- [settlement-batch-performance] [           main] c.e.s.metrics.BenchmarkPageLog           : BENCHMARK_PAGE|reader=PAGING|page=35|positionType=OFFSET|positionValue=35000|rows=1000|firstId=35001|lastId=36000|durationNanos=8309750
2026-08-13T03:53:58.696+09:00  INFO 57319 --- [settlement-batch-performance] [           main] c.e.s.metrics.BenchmarkPageLog           : BENCHMARK_PAGE|reader=PAGING|page=36|positionType=OFFSET|positionValue=36000|rows=1000|firstId=36001|lastId=37000|durationNanos=8577000
2026-08-13T03:53:58.709+09:00  INFO 57319 --- [settlement-batch-performance] [           main] c.e.s.metrics.BenchmarkPageLog           : BENCHMARK_PAGE|reader=PAGING|page=37|positionType=OFFSET|positionValue=37000|rows=1000|firstId=37001|lastId=38000|durationNanos=8322083
2026-08-13T03:53:58.722+09:00  INFO 57319 --- [settlement-batch-performance] [           main] c.e.s.metrics.BenchmarkPageLog           : BENCHMARK_PAGE|reader=PAGING|page=38|positionType=OFFSET|positionValue=38000|rows=1000|firstId=38001|lastId=39000|durationNanos=8384458
2026-08-13T03:53:58.736+09:00  INFO 57319 --- [settlement-batch-performance] [           main] c.e.s.metrics.BenchmarkPageLog           : BENCHMARK_PAGE|reader=PAGING|page=39|positionType=OFFSET|positionValue=39000|rows=1000|firstId=39001|lastId=40000|durationNanos=9270666
2026-08-13T03:53:58.749+09:00  INFO 57319 --- [settlement-batch-performance] [           main] c.e.s.metrics.BenchmarkPageLog           : BENCHMARK_PAGE|reader=PAGING|page=40|positionType=OFFSET|positionValue=40000|rows=1000|firstId=40001|lastId=41000|durationNanos=9083458
2026-08-13T03:53:58.765+09:00  INFO 57319 --- [settlement-batch-performance] [           main] c.e.s.metrics.BenchmarkPageLog           : BENCHMARK_PAGE|reader=PAGING|page=41|positionType=OFFSET|positionValue=41000|rows=1000|firstId=41001|lastId=42000|durationNanos=11663375
2026-08-13T03:53:58.779+09:00  INFO 57319 --- [settlement-batch-performance] [           main] c.e.s.metrics.BenchmarkPageLog           : BENCHMARK_PAGE|reader=PAGING|page=42|positionType=OFFSET|positionValue=42000|rows=1000|firstId=42001|lastId=43000|durationNanos=9012709
2026-08-13T03:53:58.792+09:00  INFO 57319 --- [settlement-batch-performance] [           main] c.e.s.metrics.BenchmarkPageLog           : BENCHMARK_PAGE|reader=PAGING|page=43|positionType=OFFSET|positionValue=43000|rows=1000|firstId=43001|lastId=44000|durationNanos=8769584
2026-08-13T03:53:58.806+09:00  INFO 57319 --- [settlement-batch-performance] [           main] c.e.s.metrics.BenchmarkPageLog           : BENCHMARK_PAGE|reader=PAGING|page=44|positionType=OFFSET|positionValue=44000|rows=1000|firstId=44001|lastId=45000|durationNanos=9215125
2026-08-13T03:53:58.819+09:00  INFO 57319 --- [settlement-batch-performance] [           main] c.e.s.metrics.BenchmarkPageLog           : BENCHMARK_PAGE|reader=PAGING|page=45|positionType=OFFSET|positionValue=45000|rows=1000|firstId=45001|lastId=46000|durationNanos=9177417
2026-08-13T03:53:58.833+09:00  INFO 57319 --- [settlement-batch-performance] [           main] c.e.s.metrics.BenchmarkPageLog           : BENCHMARK_PAGE|reader=PAGING|page=46|positionType=OFFSET|positionValue=46000|rows=1000|firstId=46001|lastId=47000|durationNanos=8891042
2026-08-13T03:53:58.846+09:00  INFO 57319 --- [settlement-batch-performance] [           main] c.e.s.metrics.BenchmarkPageLog           : BENCHMARK_PAGE|reader=PAGING|page=47|positionType=OFFSET|positionValue=47000|rows=1000|firstId=47001|lastId=48000|durationNanos=8918667
2026-08-13T03:53:58.859+09:00  INFO 57319 --- [settlement-batch-performance] [           main] c.e.s.metrics.BenchmarkPageLog           : BENCHMARK_PAGE|reader=PAGING|page=48|positionType=OFFSET|positionValue=48000|rows=1000|firstId=48001|lastId=49000|durationNanos=8666958
2026-08-13T03:53:58.873+09:00  INFO 57319 --- [settlement-batch-performance] [           main] c.e.s.metrics.BenchmarkPageLog           : BENCHMARK_PAGE|reader=PAGING|page=49|positionType=OFFSET|positionValue=49000|rows=1000|firstId=49001|lastId=50000|durationNanos=9052583
2026-08-13T03:53:58.887+09:00  INFO 57319 --- [settlement-batch-performance] [           main] c.e.s.metrics.BenchmarkPageLog           : BENCHMARK_PAGE|reader=PAGING|page=50|positionType=OFFSET|positionValue=50000|rows=1000|firstId=50001|lastId=51000|durationNanos=9259583
2026-08-13T03:53:58.901+09:00  INFO 57319 --- [settlement-batch-performance] [           main] c.e.s.metrics.BenchmarkPageLog           : BENCHMARK_PAGE|reader=PAGING|page=51|positionType=OFFSET|positionValue=51000|rows=1000|firstId=51001|lastId=52000|durationNanos=9281167
2026-08-13T03:53:58.914+09:00  INFO 57319 --- [settlement-batch-performance] [           main] c.e.s.metrics.BenchmarkPageLog           : BENCHMARK_PAGE|reader=PAGING|page=52|positionType=OFFSET|positionValue=52000|rows=1000|firstId=52001|lastId=53000|durationNanos=9221916
2026-08-13T03:53:58.928+09:00  INFO 57319 --- [settlement-batch-performance] [           main] c.e.s.metrics.BenchmarkPageLog           : BENCHMARK_PAGE|reader=PAGING|page=53|positionType=OFFSET|positionValue=53000|rows=1000|firstId=53001|lastId=54000|durationNanos=9548625
2026-08-13T03:53:58.944+09:00  INFO 57319 --- [settlement-batch-performance] [           main] c.e.s.metrics.BenchmarkPageLog           : BENCHMARK_PAGE|reader=PAGING|page=54|positionType=OFFSET|positionValue=54000|rows=1000|firstId=54001|lastId=55000|durationNanos=10895083
2026-08-13T03:53:58.958+09:00  INFO 57319 --- [settlement-batch-performance] [           main] c.e.s.metrics.BenchmarkPageLog           : BENCHMARK_PAGE|reader=PAGING|page=55|positionType=OFFSET|positionValue=55000|rows=1000|firstId=55001|lastId=56000|durationNanos=9121000
2026-08-13T03:53:58.972+09:00  INFO 57319 --- [settlement-batch-performance] [           main] c.e.s.metrics.BenchmarkPageLog           : BENCHMARK_PAGE|reader=PAGING|page=56|positionType=OFFSET|positionValue=56000|rows=1000|firstId=56001|lastId=57000|durationNanos=9523750
2026-08-13T03:53:58.987+09:00  INFO 57319 --- [settlement-batch-performance] [           main] c.e.s.metrics.BenchmarkPageLog           : BENCHMARK_PAGE|reader=PAGING|page=57|positionType=OFFSET|positionValue=57000|rows=1000|firstId=57001|lastId=58000|durationNanos=10429250
2026-08-13T03:53:59.002+09:00  INFO 57319 --- [settlement-batch-performance] [           main] c.e.s.metrics.BenchmarkPageLog           : BENCHMARK_PAGE|reader=PAGING|page=58|positionType=OFFSET|positionValue=58000|rows=1000|firstId=58001|lastId=59000|durationNanos=10515583
2026-08-13T03:53:59.016+09:00  INFO 57319 --- [settlement-batch-performance] [           main] c.e.s.metrics.BenchmarkPageLog           : BENCHMARK_PAGE|reader=PAGING|page=59|positionType=OFFSET|positionValue=59000|rows=1000|firstId=59001|lastId=60000|durationNanos=9866875
2026-08-13T03:53:59.030+09:00  INFO 57319 --- [settlement-batch-performance] [           main] c.e.s.metrics.BenchmarkPageLog           : BENCHMARK_PAGE|reader=PAGING|page=60|positionType=OFFSET|positionValue=60000|rows=1000|firstId=60001|lastId=61000|durationNanos=10374875
2026-08-13T03:53:59.045+09:00  INFO 57319 --- [settlement-batch-performance] [           main] c.e.s.metrics.BenchmarkPageLog           : BENCHMARK_PAGE|reader=PAGING|page=61|positionType=OFFSET|positionValue=61000|rows=1000|firstId=61001|lastId=62000|durationNanos=10301667
2026-08-13T03:53:59.060+09:00  INFO 57319 --- [settlement-batch-performance] [           main] c.e.s.metrics.BenchmarkPageLog           : BENCHMARK_PAGE|reader=PAGING|page=62|positionType=OFFSET|positionValue=62000|rows=1000|firstId=62001|lastId=63000|durationNanos=10072375
2026-08-13T03:53:59.074+09:00  INFO 57319 --- [settlement-batch-performance] [           main] c.e.s.metrics.BenchmarkPageLog           : BENCHMARK_PAGE|reader=PAGING|page=63|positionType=OFFSET|positionValue=63000|rows=1000|firstId=63001|lastId=64000|durationNanos=9897333
2026-08-13T03:53:59.090+09:00  INFO 57319 --- [settlement-batch-performance] [           main] c.e.s.metrics.BenchmarkPageLog           : BENCHMARK_PAGE|reader=PAGING|page=64|positionType=OFFSET|positionValue=64000|rows=1000|firstId=64001|lastId=65000|durationNanos=10798959
2026-08-13T03:53:59.105+09:00  INFO 57319 --- [settlement-batch-performance] [           main] c.e.s.metrics.BenchmarkPageLog           : BENCHMARK_PAGE|reader=PAGING|page=65|positionType=OFFSET|positionValue=65000|rows=1000|firstId=65001|lastId=66000|durationNanos=10734708
2026-08-13T03:53:59.120+09:00  INFO 57319 --- [settlement-batch-performance] [           main] c.e.s.metrics.BenchmarkPageLog           : BENCHMARK_PAGE|reader=PAGING|page=66|positionType=OFFSET|positionValue=66000|rows=1000|firstId=66001|lastId=67000|durationNanos=10812625
2026-08-13T03:53:59.135+09:00  INFO 57319 --- [settlement-batch-performance] [           main] c.e.s.metrics.BenchmarkPageLog           : BENCHMARK_PAGE|reader=PAGING|page=67|positionType=OFFSET|positionValue=67000|rows=1000|firstId=67001|lastId=68000|durationNanos=10460250
2026-08-13T03:53:59.149+09:00  INFO 57319 --- [settlement-batch-performance] [           main] c.e.s.metrics.BenchmarkPageLog           : BENCHMARK_PAGE|reader=PAGING|page=68|positionType=OFFSET|positionValue=68000|rows=1000|firstId=68001|lastId=69000|durationNanos=10368917
2026-08-13T03:53:59.165+09:00  INFO 57319 --- [settlement-batch-performance] [           main] c.e.s.metrics.BenchmarkPageLog           : BENCHMARK_PAGE|reader=PAGING|page=69|positionType=OFFSET|positionValue=69000|rows=1000|firstId=69001|lastId=70000|durationNanos=11663917
2026-08-13T03:53:59.181+09:00  INFO 57319 --- [settlement-batch-performance] [           main] c.e.s.metrics.BenchmarkPageLog           : BENCHMARK_PAGE|reader=PAGING|page=70|positionType=OFFSET|positionValue=70000|rows=1000|firstId=70001|lastId=71000|durationNanos=11074250
2026-08-13T03:53:59.196+09:00  INFO 57319 --- [settlement-batch-performance] [           main] c.e.s.metrics.BenchmarkPageLog           : BENCHMARK_PAGE|reader=PAGING|page=71|positionType=OFFSET|positionValue=71000|rows=1000|firstId=71001|lastId=72000|durationNanos=10998500
2026-08-13T03:53:59.212+09:00  INFO 57319 --- [settlement-batch-performance] [           main] c.e.s.metrics.BenchmarkPageLog           : BENCHMARK_PAGE|reader=PAGING|page=72|positionType=OFFSET|positionValue=72000|rows=1000|firstId=72001|lastId=73000|durationNanos=11253917
2026-08-13T03:53:59.227+09:00  INFO 57319 --- [settlement-batch-performance] [           main] c.e.s.metrics.BenchmarkPageLog           : BENCHMARK_PAGE|reader=PAGING|page=73|positionType=OFFSET|positionValue=73000|rows=1000|firstId=73001|lastId=74000|durationNanos=11040250
2026-08-13T03:53:59.243+09:00  INFO 57319 --- [settlement-batch-performance] [           main] c.e.s.metrics.BenchmarkPageLog           : BENCHMARK_PAGE|reader=PAGING|page=74|positionType=OFFSET|positionValue=74000|rows=1000|firstId=74001|lastId=75000|durationNanos=11044041
2026-08-13T03:53:59.259+09:00  INFO 57319 --- [settlement-batch-performance] [           main] c.e.s.metrics.BenchmarkPageLog           : BENCHMARK_PAGE|reader=PAGING|page=75|positionType=OFFSET|positionValue=75000|rows=1000|firstId=75001|lastId=76000|durationNanos=11799250
2026-08-13T03:53:59.275+09:00  INFO 57319 --- [settlement-batch-performance] [           main] c.e.s.metrics.BenchmarkPageLog           : BENCHMARK_PAGE|reader=PAGING|page=76|positionType=OFFSET|positionValue=76000|rows=1000|firstId=76001|lastId=77000|durationNanos=10967459
2026-08-13T03:53:59.290+09:00  INFO 57319 --- [settlement-batch-performance] [           main] c.e.s.metrics.BenchmarkPageLog           : BENCHMARK_PAGE|reader=PAGING|page=77|positionType=OFFSET|positionValue=77000|rows=1000|firstId=77001|lastId=78000|durationNanos=10814083
2026-08-13T03:53:59.305+09:00  INFO 57319 --- [settlement-batch-performance] [           main] c.e.s.metrics.BenchmarkPageLog           : BENCHMARK_PAGE|reader=PAGING|page=78|positionType=OFFSET|positionValue=78000|rows=1000|firstId=78001|lastId=79000|durationNanos=10949000
2026-08-13T03:53:59.321+09:00  INFO 57319 --- [settlement-batch-performance] [           main] c.e.s.metrics.BenchmarkPageLog           : BENCHMARK_PAGE|reader=PAGING|page=79|positionType=OFFSET|positionValue=79000|rows=1000|firstId=79001|lastId=80000|durationNanos=11625500
2026-08-13T03:53:59.337+09:00  INFO 57319 --- [settlement-batch-performance] [           main] c.e.s.metrics.BenchmarkPageLog           : BENCHMARK_PAGE|reader=PAGING|page=80|positionType=OFFSET|positionValue=80000|rows=1000|firstId=80001|lastId=81000|durationNanos=11909375
2026-08-13T03:53:59.353+09:00  INFO 57319 --- [settlement-batch-performance] [           main] c.e.s.metrics.BenchmarkPageLog           : BENCHMARK_PAGE|reader=PAGING|page=81|positionType=OFFSET|positionValue=81000|rows=1000|firstId=81001|lastId=82000|durationNanos=11752042
2026-08-13T03:53:59.369+09:00  INFO 57319 --- [settlement-batch-performance] [           main] c.e.s.metrics.BenchmarkPageLog           : BENCHMARK_PAGE|reader=PAGING|page=82|positionType=OFFSET|positionValue=82000|rows=1000|firstId=82001|lastId=83000|durationNanos=11570375
2026-08-13T03:53:59.385+09:00  INFO 57319 --- [settlement-batch-performance] [           main] c.e.s.metrics.BenchmarkPageLog           : BENCHMARK_PAGE|reader=PAGING|page=83|positionType=OFFSET|positionValue=83000|rows=1000|firstId=83001|lastId=84000|durationNanos=11896791
2026-08-13T03:53:59.401+09:00  INFO 57319 --- [settlement-batch-performance] [           main] c.e.s.metrics.BenchmarkPageLog           : BENCHMARK_PAGE|reader=PAGING|page=84|positionType=OFFSET|positionValue=84000|rows=1000|firstId=84001|lastId=85000|durationNanos=11897667
2026-08-13T03:53:59.417+09:00  INFO 57319 --- [settlement-batch-performance] [           main] c.e.s.metrics.BenchmarkPageLog           : BENCHMARK_PAGE|reader=PAGING|page=85|positionType=OFFSET|positionValue=85000|rows=1000|firstId=85001|lastId=86000|durationNanos=12038917
2026-08-13T03:53:59.434+09:00  INFO 57319 --- [settlement-batch-performance] [           main] c.e.s.metrics.BenchmarkPageLog           : BENCHMARK_PAGE|reader=PAGING|page=86|positionType=OFFSET|positionValue=86000|rows=1000|firstId=86001|lastId=87000|durationNanos=12878208
2026-08-13T03:53:59.451+09:00  INFO 57319 --- [settlement-batch-performance] [           main] c.e.s.metrics.BenchmarkPageLog           : BENCHMARK_PAGE|reader=PAGING|page=87|positionType=OFFSET|positionValue=87000|rows=1000|firstId=87001|lastId=88000|durationNanos=12914542
2026-08-13T03:53:59.467+09:00  INFO 57319 --- [settlement-batch-performance] [           main] c.e.s.metrics.BenchmarkPageLog           : BENCHMARK_PAGE|reader=PAGING|page=88|positionType=OFFSET|positionValue=88000|rows=1000|firstId=88001|lastId=89000|durationNanos=12012542
2026-08-13T03:53:59.484+09:00  INFO 57319 --- [settlement-batch-performance] [           main] c.e.s.metrics.BenchmarkPageLog           : BENCHMARK_PAGE|reader=PAGING|page=89|positionType=OFFSET|positionValue=89000|rows=1000|firstId=89001|lastId=90000|durationNanos=12286625
2026-08-13T03:53:59.501+09:00  INFO 57319 --- [settlement-batch-performance] [           main] c.e.s.metrics.BenchmarkPageLog           : BENCHMARK_PAGE|reader=PAGING|page=90|positionType=OFFSET|positionValue=90000|rows=1000|firstId=90001|lastId=91000|durationNanos=12321375
2026-08-13T03:53:59.517+09:00  INFO 57319 --- [settlement-batch-performance] [           main] c.e.s.metrics.BenchmarkPageLog           : BENCHMARK_PAGE|reader=PAGING|page=91|positionType=OFFSET|positionValue=91000|rows=1000|firstId=91001|lastId=92000|durationNanos=12301208
2026-08-13T03:53:59.534+09:00  INFO 57319 --- [settlement-batch-performance] [           main] c.e.s.metrics.BenchmarkPageLog           : BENCHMARK_PAGE|reader=PAGING|page=92|positionType=OFFSET|positionValue=92000|rows=1000|firstId=92001|lastId=93000|durationNanos=12711500
2026-08-13T03:53:59.551+09:00  INFO 57319 --- [settlement-batch-performance] [           main] c.e.s.metrics.BenchmarkPageLog           : BENCHMARK_PAGE|reader=PAGING|page=93|positionType=OFFSET|positionValue=93000|rows=1000|firstId=93001|lastId=94000|durationNanos=12694584
2026-08-13T03:53:59.568+09:00  INFO 57319 --- [settlement-batch-performance] [           main] c.e.s.metrics.BenchmarkPageLog           : BENCHMARK_PAGE|reader=PAGING|page=94|positionType=OFFSET|positionValue=94000|rows=1000|firstId=94001|lastId=95000|durationNanos=12639959
2026-08-13T03:53:59.584+09:00  INFO 57319 --- [settlement-batch-performance] [           main] c.e.s.metrics.BenchmarkPageLog           : BENCHMARK_PAGE|reader=PAGING|page=95|positionType=OFFSET|positionValue=95000|rows=1000|firstId=95001|lastId=96000|durationNanos=12400375
2026-08-13T03:53:59.601+09:00  INFO 57319 --- [settlement-batch-performance] [           main] c.e.s.metrics.BenchmarkPageLog           : BENCHMARK_PAGE|reader=PAGING|page=96|positionType=OFFSET|positionValue=96000|rows=1000|firstId=96001|lastId=97000|durationNanos=12794375
2026-08-13T03:53:59.619+09:00  INFO 57319 --- [settlement-batch-performance] [           main] c.e.s.metrics.BenchmarkPageLog           : BENCHMARK_PAGE|reader=PAGING|page=97|positionType=OFFSET|positionValue=97000|rows=1000|firstId=97001|lastId=98000|durationNanos=12818583
2026-08-13T03:53:59.636+09:00  INFO 57319 --- [settlement-batch-performance] [           main] c.e.s.metrics.BenchmarkPageLog           : BENCHMARK_PAGE|reader=PAGING|page=98|positionType=OFFSET|positionValue=98000|rows=1000|firstId=98001|lastId=99000|durationNanos=12711292
2026-08-13T03:53:59.654+09:00  INFO 57319 --- [settlement-batch-performance] [           main] c.e.s.metrics.BenchmarkPageLog           : BENCHMARK_PAGE|reader=PAGING|page=99|positionType=OFFSET|positionValue=99000|rows=1000|firstId=99001|lastId=100000|durationNanos=13305209
2026-08-13T03:53:59.668+09:00  INFO 57319 --- [settlement-batch-performance] [           main] c.e.s.metrics.BenchmarkPageLog           : BENCHMARK_PAGE|reader=PAGING|page=100|positionType=OFFSET|positionValue=100000|rows=0|firstId=|lastId=|durationNanos=9628916
2026-08-13T03:53:59.682+09:00  INFO 57319 --- [settlement-batch-performance] [           main] c.e.s.metrics.BenchmarkRunner            : BENCHMARK_RESULT|benchmarkId=20260813-100k-baseline-01|phase=WARMUP|round=0|sequence=1|reader=PAGING|jobExecutionId=1|status=COMPLETED|jobDurationNanos=1661771000|stepDurationNanos=1637741000|wallDurationNanos=1733138208|readCount=100000|writeCount=100000|skipCount=0|rollbackCount=0|failure=
2026-08-13T03:53:59.715+09:00  INFO 57319 --- [settlement-batch-performance] [           main] c.e.s.metrics.BenchmarkPageLog           : BENCHMARK_PAGE|reader=ZERO_OFFSET|page=0|positionType=LAST_ID|positionValue=INITIAL|rows=1000|firstId=1|lastId=1000|durationNanos=12178916
2026-08-13T03:53:59.725+09:00  INFO 57319 --- [settlement-batch-performance] [           main] c.e.s.metrics.BenchmarkPageLog           : BENCHMARK_PAGE|reader=ZERO_OFFSET|page=1|positionType=LAST_ID|positionValue=1000|rows=1000|firstId=1001|lastId=2000|durationNanos=4836458
2026-08-13T03:53:59.734+09:00  INFO 57319 --- [settlement-batch-performance] [           main] c.e.s.metrics.BenchmarkPageLog           : BENCHMARK_PAGE|reader=ZERO_OFFSET|page=2|positionType=LAST_ID|positionValue=2000|rows=1000|firstId=2001|lastId=3000|durationNanos=4616875
2026-08-13T03:53:59.743+09:00  INFO 57319 --- [settlement-batch-performance] [           main] c.e.s.metrics.BenchmarkPageLog           : BENCHMARK_PAGE|reader=ZERO_OFFSET|page=3|positionType=LAST_ID|positionValue=3000|rows=1000|firstId=3001|lastId=4000|durationNanos=4969209
2026-08-13T03:53:59.753+09:00  INFO 57319 --- [settlement-batch-performance] [           main] c.e.s.metrics.BenchmarkPageLog           : BENCHMARK_PAGE|reader=ZERO_OFFSET|page=4|positionType=LAST_ID|positionValue=4000|rows=1000|firstId=4001|lastId=5000|durationNanos=4824500
2026-08-13T03:53:59.762+09:00  INFO 57319 --- [settlement-batch-performance] [           main] c.e.s.metrics.BenchmarkPageLog           : BENCHMARK_PAGE|reader=ZERO_OFFSET|page=5|positionType=LAST_ID|positionValue=5000|rows=1000|firstId=5001|lastId=6000|durationNanos=5157458
2026-08-13T03:53:59.771+09:00  INFO 57319 --- [settlement-batch-performance] [           main] c.e.s.metrics.BenchmarkPageLog           : BENCHMARK_PAGE|reader=ZERO_OFFSET|page=6|positionType=LAST_ID|positionValue=6000|rows=1000|firstId=6001|lastId=7000|durationNanos=4559667
2026-08-13T03:53:59.781+09:00  INFO 57319 --- [settlement-batch-performance] [           main] c.e.s.metrics.BenchmarkPageLog           : BENCHMARK_PAGE|reader=ZERO_OFFSET|page=7|positionType=LAST_ID|positionValue=7000|rows=1000|firstId=7001|lastId=8000|durationNanos=5256917
2026-08-13T03:53:59.789+09:00  INFO 57319 --- [settlement-batch-performance] [           main] c.e.s.metrics.BenchmarkPageLog           : BENCHMARK_PAGE|reader=ZERO_OFFSET|page=8|positionType=LAST_ID|positionValue=8000|rows=1000|firstId=8001|lastId=9000|durationNanos=4494625
2026-08-13T03:53:59.799+09:00  INFO 57319 --- [settlement-batch-performance] [           main] c.e.s.metrics.BenchmarkPageLog           : BENCHMARK_PAGE|reader=ZERO_OFFSET|page=9|positionType=LAST_ID|positionValue=9000|rows=1000|firstId=9001|lastId=10000|durationNanos=5454542
2026-08-13T03:53:59.807+09:00  INFO 57319 --- [settlement-batch-performance] [           main] c.e.s.metrics.BenchmarkPageLog           : BENCHMARK_PAGE|reader=ZERO_OFFSET|page=10|positionType=LAST_ID|positionValue=10000|rows=1000|firstId=10001|lastId=11000|durationNanos=4564250
2026-08-13T03:53:59.817+09:00  INFO 57319 --- [settlement-batch-performance] [           main] c.e.s.metrics.BenchmarkPageLog           : BENCHMARK_PAGE|reader=ZERO_OFFSET|page=11|positionType=LAST_ID|positionValue=11000|rows=1000|firstId=11001|lastId=12000|durationNanos=4811625
2026-08-13T03:53:59.826+09:00  INFO 57319 --- [settlement-batch-performance] [           main] c.e.s.metrics.BenchmarkPageLog           : BENCHMARK_PAGE|reader=ZERO_OFFSET|page=12|positionType=LAST_ID|positionValue=12000|rows=1000|firstId=12001|lastId=13000|durationNanos=4661750
2026-08-13T03:53:59.836+09:00  INFO 57319 --- [settlement-batch-performance] [           main] c.e.s.metrics.BenchmarkPageLog           : BENCHMARK_PAGE|reader=ZERO_OFFSET|page=13|positionType=LAST_ID|positionValue=13000|rows=1000|firstId=13001|lastId=14000|durationNanos=5878709
2026-08-13T03:53:59.846+09:00  INFO 57319 --- [settlement-batch-performance] [           main] c.e.s.metrics.BenchmarkPageLog           : BENCHMARK_PAGE|reader=ZERO_OFFSET|page=14|positionType=LAST_ID|positionValue=14000|rows=1000|firstId=14001|lastId=15000|durationNanos=5053125
2026-08-13T03:53:59.854+09:00  INFO 57319 --- [settlement-batch-performance] [           main] c.e.s.metrics.BenchmarkPageLog           : BENCHMARK_PAGE|reader=ZERO_OFFSET|page=15|positionType=LAST_ID|positionValue=15000|rows=1000|firstId=15001|lastId=16000|durationNanos=4701708
2026-08-13T03:53:59.864+09:00  INFO 57319 --- [settlement-batch-performance] [           main] c.e.s.metrics.BenchmarkPageLog           : BENCHMARK_PAGE|reader=ZERO_OFFSET|page=16|positionType=LAST_ID|positionValue=16000|rows=1000|firstId=16001|lastId=17000|durationNanos=4996125
2026-08-13T03:53:59.874+09:00  INFO 57319 --- [settlement-batch-performance] [           main] c.e.s.metrics.BenchmarkPageLog           : BENCHMARK_PAGE|reader=ZERO_OFFSET|page=17|positionType=LAST_ID|positionValue=17000|rows=1000|firstId=17001|lastId=18000|durationNanos=5652708
2026-08-13T03:53:59.884+09:00  INFO 57319 --- [settlement-batch-performance] [           main] c.e.s.metrics.BenchmarkPageLog           : BENCHMARK_PAGE|reader=ZERO_OFFSET|page=18|positionType=LAST_ID|positionValue=18000|rows=1000|firstId=18001|lastId=19000|durationNanos=5387500
2026-08-13T03:53:59.892+09:00  INFO 57319 --- [settlement-batch-performance] [           main] c.e.s.metrics.BenchmarkPageLog           : BENCHMARK_PAGE|reader=ZERO_OFFSET|page=19|positionType=LAST_ID|positionValue=19000|rows=1000|firstId=19001|lastId=20000|durationNanos=4457750
2026-08-13T03:53:59.901+09:00  INFO 57319 --- [settlement-batch-performance] [           main] c.e.s.metrics.BenchmarkPageLog           : BENCHMARK_PAGE|reader=ZERO_OFFSET|page=20|positionType=LAST_ID|positionValue=20000|rows=1000|firstId=20001|lastId=21000|durationNanos=4676125
2026-08-13T03:53:59.910+09:00  INFO 57319 --- [settlement-batch-performance] [           main] c.e.s.metrics.BenchmarkPageLog           : BENCHMARK_PAGE|reader=ZERO_OFFSET|page=21|positionType=LAST_ID|positionValue=21000|rows=1000|firstId=21001|lastId=22000|durationNanos=4648917
2026-08-13T03:53:59.919+09:00  INFO 57319 --- [settlement-batch-performance] [           main] c.e.s.metrics.BenchmarkPageLog           : BENCHMARK_PAGE|reader=ZERO_OFFSET|page=22|positionType=LAST_ID|positionValue=22000|rows=1000|firstId=22001|lastId=23000|durationNanos=4684125
2026-08-13T03:53:59.927+09:00  INFO 57319 --- [settlement-batch-performance] [           main] c.e.s.metrics.BenchmarkPageLog           : BENCHMARK_PAGE|reader=ZERO_OFFSET|page=23|positionType=LAST_ID|positionValue=23000|rows=1000|firstId=23001|lastId=24000|durationNanos=4693667
2026-08-13T03:53:59.937+09:00  INFO 57319 --- [settlement-batch-performance] [           main] c.e.s.metrics.BenchmarkPageLog           : BENCHMARK_PAGE|reader=ZERO_OFFSET|page=24|positionType=LAST_ID|positionValue=24000|rows=1000|firstId=24001|lastId=25000|durationNanos=4785125
2026-08-13T03:53:59.946+09:00  INFO 57319 --- [settlement-batch-performance] [           main] c.e.s.metrics.BenchmarkPageLog           : BENCHMARK_PAGE|reader=ZERO_OFFSET|page=25|positionType=LAST_ID|positionValue=25000|rows=1000|firstId=25001|lastId=26000|durationNanos=5350709
2026-08-13T03:53:59.955+09:00  INFO 57319 --- [settlement-batch-performance] [           main] c.e.s.metrics.BenchmarkPageLog           : BENCHMARK_PAGE|reader=ZERO_OFFSET|page=26|positionType=LAST_ID|positionValue=26000|rows=1000|firstId=26001|lastId=27000|durationNanos=4912417
2026-08-13T03:53:59.965+09:00  INFO 57319 --- [settlement-batch-performance] [           main] c.e.s.metrics.BenchmarkPageLog           : BENCHMARK_PAGE|reader=ZERO_OFFSET|page=27|positionType=LAST_ID|positionValue=27000|rows=1000|firstId=27001|lastId=28000|durationNanos=5493750
2026-08-13T03:53:59.975+09:00  INFO 57319 --- [settlement-batch-performance] [           main] c.e.s.metrics.BenchmarkPageLog           : BENCHMARK_PAGE|reader=ZERO_OFFSET|page=28|positionType=LAST_ID|positionValue=28000|rows=1000|firstId=28001|lastId=29000|durationNanos=5896125
2026-08-13T03:53:59.985+09:00  INFO 57319 --- [settlement-batch-performance] [           main] c.e.s.metrics.BenchmarkPageLog           : BENCHMARK_PAGE|reader=ZERO_OFFSET|page=29|positionType=LAST_ID|positionValue=29000|rows=1000|firstId=29001|lastId=30000|durationNanos=4893625
2026-08-13T03:53:59.993+09:00  INFO 57319 --- [settlement-batch-performance] [           main] c.e.s.metrics.BenchmarkPageLog           : BENCHMARK_PAGE|reader=ZERO_OFFSET|page=30|positionType=LAST_ID|positionValue=30000|rows=1000|firstId=30001|lastId=31000|durationNanos=4561416
2026-08-13T03:54:00.002+09:00  INFO 57319 --- [settlement-batch-performance] [           main] c.e.s.metrics.BenchmarkPageLog           : BENCHMARK_PAGE|reader=ZERO_OFFSET|page=31|positionType=LAST_ID|positionValue=31000|rows=1000|firstId=31001|lastId=32000|durationNanos=4752750
2026-08-13T03:54:00.012+09:00  INFO 57319 --- [settlement-batch-performance] [           main] c.e.s.metrics.BenchmarkPageLog           : BENCHMARK_PAGE|reader=ZERO_OFFSET|page=32|positionType=LAST_ID|positionValue=32000|rows=1000|firstId=32001|lastId=33000|durationNanos=5113500
2026-08-13T03:54:00.020+09:00  INFO 57319 --- [settlement-batch-performance] [           main] c.e.s.metrics.BenchmarkPageLog           : BENCHMARK_PAGE|reader=ZERO_OFFSET|page=33|positionType=LAST_ID|positionValue=33000|rows=1000|firstId=33001|lastId=34000|durationNanos=4489750
2026-08-13T03:54:00.028+09:00  INFO 57319 --- [settlement-batch-performance] [           main] c.e.s.metrics.BenchmarkPageLog           : BENCHMARK_PAGE|reader=ZERO_OFFSET|page=34|positionType=LAST_ID|positionValue=34000|rows=1000|firstId=34001|lastId=35000|durationNanos=4859334
2026-08-13T03:54:00.037+09:00  INFO 57319 --- [settlement-batch-performance] [           main] c.e.s.metrics.BenchmarkPageLog           : BENCHMARK_PAGE|reader=ZERO_OFFSET|page=35|positionType=LAST_ID|positionValue=35000|rows=1000|firstId=35001|lastId=36000|durationNanos=4600625
2026-08-13T03:54:00.045+09:00  INFO 57319 --- [settlement-batch-performance] [           main] c.e.s.metrics.BenchmarkPageLog           : BENCHMARK_PAGE|reader=ZERO_OFFSET|page=36|positionType=LAST_ID|positionValue=36000|rows=1000|firstId=36001|lastId=37000|durationNanos=4945208
2026-08-13T03:54:00.053+09:00  INFO 57319 --- [settlement-batch-performance] [           main] c.e.s.metrics.BenchmarkPageLog           : BENCHMARK_PAGE|reader=ZERO_OFFSET|page=37|positionType=LAST_ID|positionValue=37000|rows=1000|firstId=37001|lastId=38000|durationNanos=4395041
2026-08-13T03:54:00.062+09:00  INFO 57319 --- [settlement-batch-performance] [           main] c.e.s.metrics.BenchmarkPageLog           : BENCHMARK_PAGE|reader=ZERO_OFFSET|page=38|positionType=LAST_ID|positionValue=38000|rows=1000|firstId=38001|lastId=39000|durationNanos=4871167
2026-08-13T03:54:00.072+09:00  INFO 57319 --- [settlement-batch-performance] [           main] c.e.s.metrics.BenchmarkPageLog           : BENCHMARK_PAGE|reader=ZERO_OFFSET|page=39|positionType=LAST_ID|positionValue=39000|rows=1000|firstId=39001|lastId=40000|durationNanos=6049833
2026-08-13T03:54:00.081+09:00  INFO 57319 --- [settlement-batch-performance] [           main] c.e.s.metrics.BenchmarkPageLog           : BENCHMARK_PAGE|reader=ZERO_OFFSET|page=40|positionType=LAST_ID|positionValue=40000|rows=1000|firstId=40001|lastId=41000|durationNanos=5021042
2026-08-13T03:54:00.090+09:00  INFO 57319 --- [settlement-batch-performance] [           main] c.e.s.metrics.BenchmarkPageLog           : BENCHMARK_PAGE|reader=ZERO_OFFSET|page=41|positionType=LAST_ID|positionValue=41000|rows=1000|firstId=41001|lastId=42000|durationNanos=4413083
2026-08-13T03:54:00.099+09:00  INFO 57319 --- [settlement-batch-performance] [           main] c.e.s.metrics.BenchmarkPageLog           : BENCHMARK_PAGE|reader=ZERO_OFFSET|page=42|positionType=LAST_ID|positionValue=42000|rows=1000|firstId=42001|lastId=43000|durationNanos=4996458
2026-08-13T03:54:00.107+09:00  INFO 57319 --- [settlement-batch-performance] [           main] c.e.s.metrics.BenchmarkPageLog           : BENCHMARK_PAGE|reader=ZERO_OFFSET|page=43|positionType=LAST_ID|positionValue=43000|rows=1000|firstId=43001|lastId=44000|durationNanos=4298041
2026-08-13T03:54:00.116+09:00  INFO 57319 --- [settlement-batch-performance] [           main] c.e.s.metrics.BenchmarkPageLog           : BENCHMARK_PAGE|reader=ZERO_OFFSET|page=44|positionType=LAST_ID|positionValue=44000|rows=1000|firstId=44001|lastId=45000|durationNanos=4625958
2026-08-13T03:54:00.125+09:00  INFO 57319 --- [settlement-batch-performance] [           main] c.e.s.metrics.BenchmarkPageLog           : BENCHMARK_PAGE|reader=ZERO_OFFSET|page=45|positionType=LAST_ID|positionValue=45000|rows=1000|firstId=45001|lastId=46000|durationNanos=4462875
2026-08-13T03:54:00.134+09:00  INFO 57319 --- [settlement-batch-performance] [           main] c.e.s.metrics.BenchmarkPageLog           : BENCHMARK_PAGE|reader=ZERO_OFFSET|page=46|positionType=LAST_ID|positionValue=46000|rows=1000|firstId=46001|lastId=47000|durationNanos=4642750
2026-08-13T03:54:00.142+09:00  INFO 57319 --- [settlement-batch-performance] [           main] c.e.s.metrics.BenchmarkPageLog           : BENCHMARK_PAGE|reader=ZERO_OFFSET|page=47|positionType=LAST_ID|positionValue=47000|rows=1000|firstId=47001|lastId=48000|durationNanos=4394125
2026-08-13T03:54:00.151+09:00  INFO 57319 --- [settlement-batch-performance] [           main] c.e.s.metrics.BenchmarkPageLog           : BENCHMARK_PAGE|reader=ZERO_OFFSET|page=48|positionType=LAST_ID|positionValue=48000|rows=1000|firstId=48001|lastId=49000|durationNanos=4492958
2026-08-13T03:54:00.160+09:00  INFO 57319 --- [settlement-batch-performance] [           main] c.e.s.metrics.BenchmarkPageLog           : BENCHMARK_PAGE|reader=ZERO_OFFSET|page=49|positionType=LAST_ID|positionValue=49000|rows=1000|firstId=49001|lastId=50000|durationNanos=5984583
2026-08-13T03:54:00.169+09:00  INFO 57319 --- [settlement-batch-performance] [           main] c.e.s.metrics.BenchmarkPageLog           : BENCHMARK_PAGE|reader=ZERO_OFFSET|page=50|positionType=LAST_ID|positionValue=50000|rows=1000|firstId=50001|lastId=51000|durationNanos=4572083
2026-08-13T03:54:00.178+09:00  INFO 57319 --- [settlement-batch-performance] [           main] c.e.s.metrics.BenchmarkPageLog           : BENCHMARK_PAGE|reader=ZERO_OFFSET|page=51|positionType=LAST_ID|positionValue=51000|rows=1000|firstId=51001|lastId=52000|durationNanos=5073875
2026-08-13T03:54:00.186+09:00  INFO 57319 --- [settlement-batch-performance] [           main] c.e.s.metrics.BenchmarkPageLog           : BENCHMARK_PAGE|reader=ZERO_OFFSET|page=52|positionType=LAST_ID|positionValue=52000|rows=1000|firstId=52001|lastId=53000|durationNanos=4544375
2026-08-13T03:54:00.195+09:00  INFO 57319 --- [settlement-batch-performance] [           main] c.e.s.metrics.BenchmarkPageLog           : BENCHMARK_PAGE|reader=ZERO_OFFSET|page=53|positionType=LAST_ID|positionValue=53000|rows=1000|firstId=53001|lastId=54000|durationNanos=5222833
2026-08-13T03:54:00.204+09:00  INFO 57319 --- [settlement-batch-performance] [           main] c.e.s.metrics.BenchmarkPageLog           : BENCHMARK_PAGE|reader=ZERO_OFFSET|page=54|positionType=LAST_ID|positionValue=54000|rows=1000|firstId=54001|lastId=55000|durationNanos=4622541
2026-08-13T03:54:00.212+09:00  INFO 57319 --- [settlement-batch-performance] [           main] c.e.s.metrics.BenchmarkPageLog           : BENCHMARK_PAGE|reader=ZERO_OFFSET|page=55|positionType=LAST_ID|positionValue=55000|rows=1000|firstId=55001|lastId=56000|durationNanos=4945792
2026-08-13T03:54:00.221+09:00  INFO 57319 --- [settlement-batch-performance] [           main] c.e.s.metrics.BenchmarkPageLog           : BENCHMARK_PAGE|reader=ZERO_OFFSET|page=56|positionType=LAST_ID|positionValue=56000|rows=1000|firstId=56001|lastId=57000|durationNanos=4522666
2026-08-13T03:54:00.230+09:00  INFO 57319 --- [settlement-batch-performance] [           main] c.e.s.metrics.BenchmarkPageLog           : BENCHMARK_PAGE|reader=ZERO_OFFSET|page=57|positionType=LAST_ID|positionValue=57000|rows=1000|firstId=57001|lastId=58000|durationNanos=5158208
2026-08-13T03:54:00.238+09:00  INFO 57319 --- [settlement-batch-performance] [           main] c.e.s.metrics.BenchmarkPageLog           : BENCHMARK_PAGE|reader=ZERO_OFFSET|page=58|positionType=LAST_ID|positionValue=58000|rows=1000|firstId=58001|lastId=59000|durationNanos=4501666
2026-08-13T03:54:00.247+09:00  INFO 57319 --- [settlement-batch-performance] [           main] c.e.s.metrics.BenchmarkPageLog           : BENCHMARK_PAGE|reader=ZERO_OFFSET|page=59|positionType=LAST_ID|positionValue=59000|rows=1000|firstId=59001|lastId=60000|durationNanos=5153125
2026-08-13T03:54:00.257+09:00  INFO 57319 --- [settlement-batch-performance] [           main] c.e.s.metrics.BenchmarkPageLog           : BENCHMARK_PAGE|reader=ZERO_OFFSET|page=60|positionType=LAST_ID|positionValue=60000|rows=1000|firstId=60001|lastId=61000|durationNanos=5833125
2026-08-13T03:54:00.268+09:00  INFO 57319 --- [settlement-batch-performance] [           main] c.e.s.metrics.BenchmarkPageLog           : BENCHMARK_PAGE|reader=ZERO_OFFSET|page=61|positionType=LAST_ID|positionValue=61000|rows=1000|firstId=61001|lastId=62000|durationNanos=4777292
2026-08-13T03:54:00.276+09:00  INFO 57319 --- [settlement-batch-performance] [           main] c.e.s.metrics.BenchmarkPageLog           : BENCHMARK_PAGE|reader=ZERO_OFFSET|page=62|positionType=LAST_ID|positionValue=62000|rows=1000|firstId=62001|lastId=63000|durationNanos=4467833
2026-08-13T03:54:00.285+09:00  INFO 57319 --- [settlement-batch-performance] [           main] c.e.s.metrics.BenchmarkPageLog           : BENCHMARK_PAGE|reader=ZERO_OFFSET|page=63|positionType=LAST_ID|positionValue=63000|rows=1000|firstId=63001|lastId=64000|durationNanos=4937333
2026-08-13T03:54:00.294+09:00  INFO 57319 --- [settlement-batch-performance] [           main] c.e.s.metrics.BenchmarkPageLog           : BENCHMARK_PAGE|reader=ZERO_OFFSET|page=64|positionType=LAST_ID|positionValue=64000|rows=1000|firstId=64001|lastId=65000|durationNanos=4741458
2026-08-13T03:54:00.303+09:00  INFO 57319 --- [settlement-batch-performance] [           main] c.e.s.metrics.BenchmarkPageLog           : BENCHMARK_PAGE|reader=ZERO_OFFSET|page=65|positionType=LAST_ID|positionValue=65000|rows=1000|firstId=65001|lastId=66000|durationNanos=5647500
2026-08-13T03:54:00.313+09:00  INFO 57319 --- [settlement-batch-performance] [           main] c.e.s.metrics.BenchmarkPageLog           : BENCHMARK_PAGE|reader=ZERO_OFFSET|page=66|positionType=LAST_ID|positionValue=66000|rows=1000|firstId=66001|lastId=67000|durationNanos=5599667
2026-08-13T03:54:00.321+09:00  INFO 57319 --- [settlement-batch-performance] [           main] c.e.s.metrics.BenchmarkPageLog           : BENCHMARK_PAGE|reader=ZERO_OFFSET|page=67|positionType=LAST_ID|positionValue=67000|rows=1000|firstId=67001|lastId=68000|durationNanos=4569125
2026-08-13T03:54:00.330+09:00  INFO 57319 --- [settlement-batch-performance] [           main] c.e.s.metrics.BenchmarkPageLog           : BENCHMARK_PAGE|reader=ZERO_OFFSET|page=68|positionType=LAST_ID|positionValue=68000|rows=1000|firstId=68001|lastId=69000|durationNanos=5134458
2026-08-13T03:54:00.339+09:00  INFO 57319 --- [settlement-batch-performance] [           main] c.e.s.metrics.BenchmarkPageLog           : BENCHMARK_PAGE|reader=ZERO_OFFSET|page=69|positionType=LAST_ID|positionValue=69000|rows=1000|firstId=69001|lastId=70000|durationNanos=4599958
2026-08-13T03:54:00.347+09:00  INFO 57319 --- [settlement-batch-performance] [           main] c.e.s.metrics.BenchmarkPageLog           : BENCHMARK_PAGE|reader=ZERO_OFFSET|page=70|positionType=LAST_ID|positionValue=70000|rows=1000|firstId=70001|lastId=71000|durationNanos=4855959
2026-08-13T03:54:00.356+09:00  INFO 57319 --- [settlement-batch-performance] [           main] c.e.s.metrics.BenchmarkPageLog           : BENCHMARK_PAGE|reader=ZERO_OFFSET|page=71|positionType=LAST_ID|positionValue=71000|rows=1000|firstId=71001|lastId=72000|durationNanos=4535750
2026-08-13T03:54:00.365+09:00  INFO 57319 --- [settlement-batch-performance] [           main] c.e.s.metrics.BenchmarkPageLog           : BENCHMARK_PAGE|reader=ZERO_OFFSET|page=72|positionType=LAST_ID|positionValue=72000|rows=1000|firstId=72001|lastId=73000|durationNanos=5210125
2026-08-13T03:54:00.374+09:00  INFO 57319 --- [settlement-batch-performance] [           main] c.e.s.metrics.BenchmarkPageLog           : BENCHMARK_PAGE|reader=ZERO_OFFSET|page=73|positionType=LAST_ID|positionValue=73000|rows=1000|firstId=73001|lastId=74000|durationNanos=5450875
2026-08-13T03:54:00.383+09:00  INFO 57319 --- [settlement-batch-performance] [           main] c.e.s.metrics.BenchmarkPageLog           : BENCHMARK_PAGE|reader=ZERO_OFFSET|page=74|positionType=LAST_ID|positionValue=74000|rows=1000|firstId=74001|lastId=75000|durationNanos=4800292
2026-08-13T03:54:00.392+09:00  INFO 57319 --- [settlement-batch-performance] [           main] c.e.s.metrics.BenchmarkPageLog           : BENCHMARK_PAGE|reader=ZERO_OFFSET|page=75|positionType=LAST_ID|positionValue=75000|rows=1000|firstId=75001|lastId=76000|durationNanos=4591166
2026-08-13T03:54:00.401+09:00  INFO 57319 --- [settlement-batch-performance] [           main] c.e.s.metrics.BenchmarkPageLog           : BENCHMARK_PAGE|reader=ZERO_OFFSET|page=76|positionType=LAST_ID|positionValue=76000|rows=1000|firstId=76001|lastId=77000|durationNanos=4819875
2026-08-13T03:54:00.409+09:00  INFO 57319 --- [settlement-batch-performance] [           main] c.e.s.metrics.BenchmarkPageLog           : BENCHMARK_PAGE|reader=ZERO_OFFSET|page=77|positionType=LAST_ID|positionValue=77000|rows=1000|firstId=77001|lastId=78000|durationNanos=4503834
2026-08-13T03:54:00.418+09:00  INFO 57319 --- [settlement-batch-performance] [           main] c.e.s.metrics.BenchmarkPageLog           : BENCHMARK_PAGE|reader=ZERO_OFFSET|page=78|positionType=LAST_ID|positionValue=78000|rows=1000|firstId=78001|lastId=79000|durationNanos=4732375
2026-08-13T03:54:00.427+09:00  INFO 57319 --- [settlement-batch-performance] [           main] c.e.s.metrics.BenchmarkPageLog           : BENCHMARK_PAGE|reader=ZERO_OFFSET|page=79|positionType=LAST_ID|positionValue=79000|rows=1000|firstId=79001|lastId=80000|durationNanos=4773292
2026-08-13T03:54:00.436+09:00  INFO 57319 --- [settlement-batch-performance] [           main] c.e.s.metrics.BenchmarkPageLog           : BENCHMARK_PAGE|reader=ZERO_OFFSET|page=80|positionType=LAST_ID|positionValue=80000|rows=1000|firstId=80001|lastId=81000|durationNanos=4596083
2026-08-13T03:54:00.445+09:00  INFO 57319 --- [settlement-batch-performance] [           main] c.e.s.metrics.BenchmarkPageLog           : BENCHMARK_PAGE|reader=ZERO_OFFSET|page=81|positionType=LAST_ID|positionValue=81000|rows=1000|firstId=81001|lastId=82000|durationNanos=5372083
2026-08-13T03:54:00.454+09:00  INFO 57319 --- [settlement-batch-performance] [           main] c.e.s.metrics.BenchmarkPageLog           : BENCHMARK_PAGE|reader=ZERO_OFFSET|page=82|positionType=LAST_ID|positionValue=82000|rows=1000|firstId=82001|lastId=83000|durationNanos=4636584
2026-08-13T03:54:00.463+09:00  INFO 57319 --- [settlement-batch-performance] [           main] c.e.s.metrics.BenchmarkPageLog           : BENCHMARK_PAGE|reader=ZERO_OFFSET|page=83|positionType=LAST_ID|positionValue=83000|rows=1000|firstId=83001|lastId=84000|durationNanos=5108375
2026-08-13T03:54:00.471+09:00  INFO 57319 --- [settlement-batch-performance] [           main] c.e.s.metrics.BenchmarkPageLog           : BENCHMARK_PAGE|reader=ZERO_OFFSET|page=84|positionType=LAST_ID|positionValue=84000|rows=1000|firstId=84001|lastId=85000|durationNanos=4566708
2026-08-13T03:54:00.480+09:00  INFO 57319 --- [settlement-batch-performance] [           main] c.e.s.metrics.BenchmarkPageLog           : BENCHMARK_PAGE|reader=ZERO_OFFSET|page=85|positionType=LAST_ID|positionValue=85000|rows=1000|firstId=85001|lastId=86000|durationNanos=5129458
2026-08-13T03:54:00.489+09:00  INFO 57319 --- [settlement-batch-performance] [           main] c.e.s.metrics.BenchmarkPageLog           : BENCHMARK_PAGE|reader=ZERO_OFFSET|page=86|positionType=LAST_ID|positionValue=86000|rows=1000|firstId=86001|lastId=87000|durationNanos=4522209
2026-08-13T03:54:00.498+09:00  INFO 57319 --- [settlement-batch-performance] [           main] c.e.s.metrics.BenchmarkPageLog           : BENCHMARK_PAGE|reader=ZERO_OFFSET|page=87|positionType=LAST_ID|positionValue=87000|rows=1000|firstId=87001|lastId=88000|durationNanos=4916375
2026-08-13T03:54:00.507+09:00  INFO 57319 --- [settlement-batch-performance] [           main] c.e.s.metrics.BenchmarkPageLog           : BENCHMARK_PAGE|reader=ZERO_OFFSET|page=88|positionType=LAST_ID|positionValue=88000|rows=1000|firstId=88001|lastId=89000|durationNanos=4581917
2026-08-13T03:54:00.516+09:00  INFO 57319 --- [settlement-batch-performance] [           main] c.e.s.metrics.BenchmarkPageLog           : BENCHMARK_PAGE|reader=ZERO_OFFSET|page=89|positionType=LAST_ID|positionValue=89000|rows=1000|firstId=89001|lastId=90000|durationNanos=5041083
2026-08-13T03:54:00.524+09:00  INFO 57319 --- [settlement-batch-performance] [           main] c.e.s.metrics.BenchmarkPageLog           : BENCHMARK_PAGE|reader=ZERO_OFFSET|page=90|positionType=LAST_ID|positionValue=90000|rows=1000|firstId=90001|lastId=91000|durationNanos=4447042
2026-08-13T03:54:00.533+09:00  INFO 57319 --- [settlement-batch-performance] [           main] c.e.s.metrics.BenchmarkPageLog           : BENCHMARK_PAGE|reader=ZERO_OFFSET|page=91|positionType=LAST_ID|positionValue=91000|rows=1000|firstId=91001|lastId=92000|durationNanos=5275625
2026-08-13T03:54:00.542+09:00  INFO 57319 --- [settlement-batch-performance] [           main] c.e.s.metrics.BenchmarkPageLog           : BENCHMARK_PAGE|reader=ZERO_OFFSET|page=92|positionType=LAST_ID|positionValue=92000|rows=1000|firstId=92001|lastId=93000|durationNanos=4608458
2026-08-13T03:54:00.551+09:00  INFO 57319 --- [settlement-batch-performance] [           main] c.e.s.metrics.BenchmarkPageLog           : BENCHMARK_PAGE|reader=ZERO_OFFSET|page=93|positionType=LAST_ID|positionValue=93000|rows=1000|firstId=93001|lastId=94000|durationNanos=4419750
2026-08-13T03:54:00.559+09:00  INFO 57319 --- [settlement-batch-performance] [           main] c.e.s.metrics.BenchmarkPageLog           : BENCHMARK_PAGE|reader=ZERO_OFFSET|page=94|positionType=LAST_ID|positionValue=94000|rows=1000|firstId=94001|lastId=95000|durationNanos=4399416
2026-08-13T03:54:00.568+09:00  INFO 57319 --- [settlement-batch-performance] [           main] c.e.s.metrics.BenchmarkPageLog           : BENCHMARK_PAGE|reader=ZERO_OFFSET|page=95|positionType=LAST_ID|positionValue=95000|rows=1000|firstId=95001|lastId=96000|durationNanos=4820750
2026-08-13T03:54:00.576+09:00  INFO 57319 --- [settlement-batch-performance] [           main] c.e.s.metrics.BenchmarkPageLog           : BENCHMARK_PAGE|reader=ZERO_OFFSET|page=96|positionType=LAST_ID|positionValue=96000|rows=1000|firstId=96001|lastId=97000|durationNanos=4402917
2026-08-13T03:54:00.585+09:00  INFO 57319 --- [settlement-batch-performance] [           main] c.e.s.metrics.BenchmarkPageLog           : BENCHMARK_PAGE|reader=ZERO_OFFSET|page=97|positionType=LAST_ID|positionValue=97000|rows=1000|firstId=97001|lastId=98000|durationNanos=4556625
2026-08-13T03:54:00.593+09:00  INFO 57319 --- [settlement-batch-performance] [           main] c.e.s.metrics.BenchmarkPageLog           : BENCHMARK_PAGE|reader=ZERO_OFFSET|page=98|positionType=LAST_ID|positionValue=98000|rows=1000|firstId=98001|lastId=99000|durationNanos=4313375
2026-08-13T03:54:00.602+09:00  INFO 57319 --- [settlement-batch-performance] [           main] c.e.s.metrics.BenchmarkPageLog           : BENCHMARK_PAGE|reader=ZERO_OFFSET|page=99|positionType=LAST_ID|positionValue=99000|rows=1000|firstId=99001|lastId=100000|durationNanos=4577125
2026-08-13T03:54:00.606+09:00  INFO 57319 --- [settlement-batch-performance] [           main] c.e.s.metrics.BenchmarkPageLog           : BENCHMARK_PAGE|reader=ZERO_OFFSET|page=100|positionType=LAST_ID|positionValue=100000|rows=0|firstId=|lastId=|durationNanos=795125
2026-08-13T03:54:00.618+09:00  INFO 57319 --- [settlement-batch-performance] [           main] c.e.s.metrics.BenchmarkRunner            : BENCHMARK_RESULT|benchmarkId=20260813-100k-baseline-01|phase=WARMUP|round=0|sequence=2|reader=ZERO_OFFSET|jobExecutionId=2|status=COMPLETED|jobDurationNanos=923143000|stepDurationNanos=907759000|wallDurationNanos=935883167|readCount=100000|writeCount=100000|skipCount=0|rollbackCount=0|failure=
2026-08-13T03:54:00.648+09:00  INFO 57319 --- [settlement-batch-performance] [           main] c.e.s.metrics.BenchmarkPageLog           : BENCHMARK_PAGE|reader=PAGING|page=0|positionType=OFFSET|positionValue=0|rows=1000|firstId=1|lastId=1000|durationNanos=7723708
2026-08-13T03:54:00.657+09:00  INFO 57319 --- [settlement-batch-performance] [           main] c.e.s.metrics.BenchmarkPageLog           : BENCHMARK_PAGE|reader=PAGING|page=1|positionType=OFFSET|positionValue=1000|rows=1000|firstId=1001|lastId=2000|durationNanos=4840875
2026-08-13T03:54:00.666+09:00  INFO 57319 --- [settlement-batch-performance] [           main] c.e.s.metrics.BenchmarkPageLog           : BENCHMARK_PAGE|reader=PAGING|page=2|positionType=OFFSET|positionValue=2000|rows=1000|firstId=2001|lastId=3000|durationNanos=5197083
2026-08-13T03:54:00.675+09:00  INFO 57319 --- [settlement-batch-performance] [           main] c.e.s.metrics.BenchmarkPageLog           : BENCHMARK_PAGE|reader=PAGING|page=3|positionType=OFFSET|positionValue=3000|rows=1000|firstId=3001|lastId=4000|durationNanos=4880375
2026-08-13T03:54:00.685+09:00  INFO 57319 --- [settlement-batch-performance] [           main] c.e.s.metrics.BenchmarkPageLog           : BENCHMARK_PAGE|reader=PAGING|page=4|positionType=OFFSET|positionValue=4000|rows=1000|firstId=4001|lastId=5000|durationNanos=5108208
2026-08-13T03:54:00.693+09:00  INFO 57319 --- [settlement-batch-performance] [           main] c.e.s.metrics.BenchmarkPageLog           : BENCHMARK_PAGE|reader=PAGING|page=5|positionType=OFFSET|positionValue=5000|rows=1000|firstId=5001|lastId=6000|durationNanos=4994416
2026-08-13T03:54:00.703+09:00  INFO 57319 --- [settlement-batch-performance] [           main] c.e.s.metrics.BenchmarkPageLog           : BENCHMARK_PAGE|reader=PAGING|page=6|positionType=OFFSET|positionValue=6000|rows=1000|firstId=6001|lastId=7000|durationNanos=5419500
2026-08-13T03:54:00.712+09:00  INFO 57319 --- [settlement-batch-performance] [           main] c.e.s.metrics.BenchmarkPageLog           : BENCHMARK_PAGE|reader=PAGING|page=7|positionType=OFFSET|positionValue=7000|rows=1000|firstId=7001|lastId=8000|durationNanos=6024667
2026-08-13T03:54:00.722+09:00  INFO 57319 --- [settlement-batch-performance] [           main] c.e.s.metrics.BenchmarkPageLog           : BENCHMARK_PAGE|reader=PAGING|page=8|positionType=OFFSET|positionValue=8000|rows=1000|firstId=8001|lastId=9000|durationNanos=5490292
2026-08-13T03:54:00.732+09:00  INFO 57319 --- [settlement-batch-performance] [           main] c.e.s.metrics.BenchmarkPageLog           : BENCHMARK_PAGE|reader=PAGING|page=9|positionType=OFFSET|positionValue=9000|rows=1000|firstId=9001|lastId=10000|durationNanos=6034000
2026-08-13T03:54:00.741+09:00  INFO 57319 --- [settlement-batch-performance] [           main] c.e.s.metrics.BenchmarkPageLog           : BENCHMARK_PAGE|reader=PAGING|page=10|positionType=OFFSET|positionValue=10000|rows=1000|firstId=10001|lastId=11000|durationNanos=5615500
2026-08-13T03:54:00.751+09:00  INFO 57319 --- [settlement-batch-performance] [           main] c.e.s.metrics.BenchmarkPageLog           : BENCHMARK_PAGE|reader=PAGING|page=11|positionType=OFFSET|positionValue=11000|rows=1000|firstId=11001|lastId=12000|durationNanos=5931666
2026-08-13T03:54:00.763+09:00  INFO 57319 --- [settlement-batch-performance] [           main] c.e.s.metrics.BenchmarkPageLog           : BENCHMARK_PAGE|reader=PAGING|page=12|positionType=OFFSET|positionValue=12000|rows=1000|firstId=12001|lastId=13000|durationNanos=7203916
2026-08-13T03:54:00.773+09:00  INFO 57319 --- [settlement-batch-performance] [           main] c.e.s.metrics.BenchmarkPageLog           : BENCHMARK_PAGE|reader=PAGING|page=13|positionType=OFFSET|positionValue=13000|rows=1000|firstId=13001|lastId=14000|durationNanos=5866041
2026-08-13T03:54:00.783+09:00  INFO 57319 --- [settlement-batch-performance] [           main] c.e.s.metrics.BenchmarkPageLog           : BENCHMARK_PAGE|reader=PAGING|page=14|positionType=OFFSET|positionValue=14000|rows=1000|firstId=14001|lastId=15000|durationNanos=6616583
2026-08-13T03:54:00.793+09:00  INFO 57319 --- [settlement-batch-performance] [           main] c.e.s.metrics.BenchmarkPageLog           : BENCHMARK_PAGE|reader=PAGING|page=15|positionType=OFFSET|positionValue=15000|rows=1000|firstId=15001|lastId=16000|durationNanos=6154042
2026-08-13T03:54:00.803+09:00  INFO 57319 --- [settlement-batch-performance] [           main] c.e.s.metrics.BenchmarkPageLog           : BENCHMARK_PAGE|reader=PAGING|page=16|positionType=OFFSET|positionValue=16000|rows=1000|firstId=16001|lastId=17000|durationNanos=6254917
2026-08-13T03:54:00.815+09:00  INFO 57319 --- [settlement-batch-performance] [           main] c.e.s.metrics.BenchmarkPageLog           : BENCHMARK_PAGE|reader=PAGING|page=17|positionType=OFFSET|positionValue=17000|rows=1000|firstId=17001|lastId=18000|durationNanos=7966000
2026-08-13T03:54:00.826+09:00  INFO 57319 --- [settlement-batch-performance] [           main] c.e.s.metrics.BenchmarkPageLog           : BENCHMARK_PAGE|reader=PAGING|page=18|positionType=OFFSET|positionValue=18000|rows=1000|firstId=18001|lastId=19000|durationNanos=6475708
2026-08-13T03:54:00.836+09:00  INFO 57319 --- [settlement-batch-performance] [           main] c.e.s.metrics.BenchmarkPageLog           : BENCHMARK_PAGE|reader=PAGING|page=19|positionType=OFFSET|positionValue=19000|rows=1000|firstId=19001|lastId=20000|durationNanos=6525750
2026-08-13T03:54:00.847+09:00  INFO 57319 --- [settlement-batch-performance] [           main] c.e.s.metrics.BenchmarkPageLog           : BENCHMARK_PAGE|reader=PAGING|page=20|positionType=OFFSET|positionValue=20000|rows=1000|firstId=20001|lastId=21000|durationNanos=7047416
2026-08-13T03:54:00.858+09:00  INFO 57319 --- [settlement-batch-performance] [           main] c.e.s.metrics.BenchmarkPageLog           : BENCHMARK_PAGE|reader=PAGING|page=21|positionType=OFFSET|positionValue=21000|rows=1000|firstId=21001|lastId=22000|durationNanos=6506292
2026-08-13T03:54:00.869+09:00  INFO 57319 --- [settlement-batch-performance] [           main] c.e.s.metrics.BenchmarkPageLog           : BENCHMARK_PAGE|reader=PAGING|page=22|positionType=OFFSET|positionValue=22000|rows=1000|firstId=22001|lastId=23000|durationNanos=6706625
2026-08-13T03:54:00.880+09:00  INFO 57319 --- [settlement-batch-performance] [           main] c.e.s.metrics.BenchmarkPageLog           : BENCHMARK_PAGE|reader=PAGING|page=23|positionType=OFFSET|positionValue=23000|rows=1000|firstId=23001|lastId=24000|durationNanos=7150458
2026-08-13T03:54:00.890+09:00  INFO 57319 --- [settlement-batch-performance] [           main] c.e.s.metrics.BenchmarkPageLog           : BENCHMARK_PAGE|reader=PAGING|page=24|positionType=OFFSET|positionValue=24000|rows=1000|firstId=24001|lastId=25000|durationNanos=6727334
2026-08-13T03:54:00.902+09:00  INFO 57319 --- [settlement-batch-performance] [           main] c.e.s.metrics.BenchmarkPageLog           : BENCHMARK_PAGE|reader=PAGING|page=25|positionType=OFFSET|positionValue=25000|rows=1000|firstId=25001|lastId=26000|durationNanos=8200417
2026-08-13T03:54:00.913+09:00  INFO 57319 --- [settlement-batch-performance] [           main] c.e.s.metrics.BenchmarkPageLog           : BENCHMARK_PAGE|reader=PAGING|page=26|positionType=OFFSET|positionValue=26000|rows=1000|firstId=26001|lastId=27000|durationNanos=7715834
2026-08-13T03:54:00.924+09:00  INFO 57319 --- [settlement-batch-performance] [           main] c.e.s.metrics.BenchmarkPageLog           : BENCHMARK_PAGE|reader=PAGING|page=27|positionType=OFFSET|positionValue=27000|rows=1000|firstId=27001|lastId=28000|durationNanos=7118208
2026-08-13T03:54:00.937+09:00  INFO 57319 --- [settlement-batch-performance] [           main] c.e.s.metrics.BenchmarkPageLog           : BENCHMARK_PAGE|reader=PAGING|page=28|positionType=OFFSET|positionValue=28000|rows=1000|firstId=28001|lastId=29000|durationNanos=7317334
2026-08-13T03:54:00.948+09:00  INFO 57319 --- [settlement-batch-performance] [           main] c.e.s.metrics.BenchmarkPageLog           : BENCHMARK_PAGE|reader=PAGING|page=29|positionType=OFFSET|positionValue=29000|rows=1000|firstId=29001|lastId=30000|durationNanos=7952458
2026-08-13T03:54:00.960+09:00  INFO 57319 --- [settlement-batch-performance] [           main] c.e.s.metrics.BenchmarkPageLog           : BENCHMARK_PAGE|reader=PAGING|page=30|positionType=OFFSET|positionValue=30000|rows=1000|firstId=30001|lastId=31000|durationNanos=7338667
2026-08-13T03:54:00.972+09:00  INFO 57319 --- [settlement-batch-performance] [           main] c.e.s.metrics.BenchmarkPageLog           : BENCHMARK_PAGE|reader=PAGING|page=31|positionType=OFFSET|positionValue=31000|rows=1000|firstId=31001|lastId=32000|durationNanos=7525083
2026-08-13T03:54:00.983+09:00  INFO 57319 --- [settlement-batch-performance] [           main] c.e.s.metrics.BenchmarkPageLog           : BENCHMARK_PAGE|reader=PAGING|page=32|positionType=OFFSET|positionValue=32000|rows=1000|firstId=32001|lastId=33000|durationNanos=7831834
2026-08-13T03:54:00.995+09:00  INFO 57319 --- [settlement-batch-performance] [           main] c.e.s.metrics.BenchmarkPageLog           : BENCHMARK_PAGE|reader=PAGING|page=33|positionType=OFFSET|positionValue=33000|rows=1000|firstId=33001|lastId=34000|durationNanos=7745583
2026-08-13T03:54:01.006+09:00  INFO 57319 --- [settlement-batch-performance] [           main] c.e.s.metrics.BenchmarkPageLog           : BENCHMARK_PAGE|reader=PAGING|page=34|positionType=OFFSET|positionValue=34000|rows=1000|firstId=34001|lastId=35000|durationNanos=7601209
2026-08-13T03:54:01.018+09:00  INFO 57319 --- [settlement-batch-performance] [           main] c.e.s.metrics.BenchmarkPageLog           : BENCHMARK_PAGE|reader=PAGING|page=35|positionType=OFFSET|positionValue=35000|rows=1000|firstId=35001|lastId=36000|durationNanos=8025458
2026-08-13T03:54:01.030+09:00  INFO 57319 --- [settlement-batch-performance] [           main] c.e.s.metrics.BenchmarkPageLog           : BENCHMARK_PAGE|reader=PAGING|page=36|positionType=OFFSET|positionValue=36000|rows=1000|firstId=36001|lastId=37000|durationNanos=8036042
2026-08-13T03:54:01.043+09:00  INFO 57319 --- [settlement-batch-performance] [           main] c.e.s.metrics.BenchmarkPageLog           : BENCHMARK_PAGE|reader=PAGING|page=37|positionType=OFFSET|positionValue=37000|rows=1000|firstId=37001|lastId=38000|durationNanos=8789209
2026-08-13T03:54:01.055+09:00  INFO 57319 --- [settlement-batch-performance] [           main] c.e.s.metrics.BenchmarkPageLog           : BENCHMARK_PAGE|reader=PAGING|page=38|positionType=OFFSET|positionValue=38000|rows=1000|firstId=38001|lastId=39000|durationNanos=8031208
2026-08-13T03:54:01.066+09:00  INFO 57319 --- [settlement-batch-performance] [           main] c.e.s.metrics.BenchmarkPageLog           : BENCHMARK_PAGE|reader=PAGING|page=39|positionType=OFFSET|positionValue=39000|rows=1000|firstId=39001|lastId=40000|durationNanos=8285958
2026-08-13T03:54:01.079+09:00  INFO 57319 --- [settlement-batch-performance] [           main] c.e.s.metrics.BenchmarkPageLog           : BENCHMARK_PAGE|reader=PAGING|page=40|positionType=OFFSET|positionValue=40000|rows=1000|firstId=40001|lastId=41000|durationNanos=8589041
2026-08-13T03:54:01.091+09:00  INFO 57319 --- [settlement-batch-performance] [           main] c.e.s.metrics.BenchmarkPageLog           : BENCHMARK_PAGE|reader=PAGING|page=41|positionType=OFFSET|positionValue=41000|rows=1000|firstId=41001|lastId=42000|durationNanos=8248833
2026-08-13T03:54:01.103+09:00  INFO 57319 --- [settlement-batch-performance] [           main] c.e.s.metrics.BenchmarkPageLog           : BENCHMARK_PAGE|reader=PAGING|page=42|positionType=OFFSET|positionValue=42000|rows=1000|firstId=42001|lastId=43000|durationNanos=8534666
2026-08-13T03:54:01.116+09:00  INFO 57319 --- [settlement-batch-performance] [           main] c.e.s.metrics.BenchmarkPageLog           : BENCHMARK_PAGE|reader=PAGING|page=43|positionType=OFFSET|positionValue=43000|rows=1000|firstId=43001|lastId=44000|durationNanos=8531208
2026-08-13T03:54:01.129+09:00  INFO 57319 --- [settlement-batch-performance] [           main] c.e.s.metrics.BenchmarkPageLog           : BENCHMARK_PAGE|reader=PAGING|page=44|positionType=OFFSET|positionValue=44000|rows=1000|firstId=44001|lastId=45000|durationNanos=9594208
2026-08-13T03:54:01.142+09:00  INFO 57319 --- [settlement-batch-performance] [           main] c.e.s.metrics.BenchmarkPageLog           : BENCHMARK_PAGE|reader=PAGING|page=45|positionType=OFFSET|positionValue=45000|rows=1000|firstId=45001|lastId=46000|durationNanos=8442709
2026-08-13T03:54:01.154+09:00  INFO 57319 --- [settlement-batch-performance] [           main] c.e.s.metrics.BenchmarkPageLog           : BENCHMARK_PAGE|reader=PAGING|page=46|positionType=OFFSET|positionValue=46000|rows=1000|firstId=46001|lastId=47000|durationNanos=8629542
2026-08-13T03:54:01.167+09:00  INFO 57319 --- [settlement-batch-performance] [           main] c.e.s.metrics.BenchmarkPageLog           : BENCHMARK_PAGE|reader=PAGING|page=47|positionType=OFFSET|positionValue=47000|rows=1000|firstId=47001|lastId=48000|durationNanos=8872250
2026-08-13T03:54:01.180+09:00  INFO 57319 --- [settlement-batch-performance] [           main] c.e.s.metrics.BenchmarkPageLog           : BENCHMARK_PAGE|reader=PAGING|page=48|positionType=OFFSET|positionValue=48000|rows=1000|firstId=48001|lastId=49000|durationNanos=9006125
2026-08-13T03:54:01.192+09:00  INFO 57319 --- [settlement-batch-performance] [           main] c.e.s.metrics.BenchmarkPageLog           : BENCHMARK_PAGE|reader=PAGING|page=49|positionType=OFFSET|positionValue=49000|rows=1000|firstId=49001|lastId=50000|durationNanos=8444208
2026-08-13T03:54:01.206+09:00  INFO 57319 --- [settlement-batch-performance] [           main] c.e.s.metrics.BenchmarkPageLog           : BENCHMARK_PAGE|reader=PAGING|page=50|positionType=OFFSET|positionValue=50000|rows=1000|firstId=50001|lastId=51000|durationNanos=9767958
2026-08-13T03:54:01.221+09:00  INFO 57319 --- [settlement-batch-performance] [           main] c.e.s.metrics.BenchmarkPageLog           : BENCHMARK_PAGE|reader=PAGING|page=51|positionType=OFFSET|positionValue=51000|rows=1000|firstId=51001|lastId=52000|durationNanos=9156000
2026-08-13T03:54:01.234+09:00  INFO 57319 --- [settlement-batch-performance] [           main] c.e.s.metrics.BenchmarkPageLog           : BENCHMARK_PAGE|reader=PAGING|page=52|positionType=OFFSET|positionValue=52000|rows=1000|firstId=52001|lastId=53000|durationNanos=8919458
2026-08-13T03:54:01.247+09:00  INFO 57319 --- [settlement-batch-performance] [           main] c.e.s.metrics.BenchmarkPageLog           : BENCHMARK_PAGE|reader=PAGING|page=53|positionType=OFFSET|positionValue=53000|rows=1000|firstId=53001|lastId=54000|durationNanos=9440959
2026-08-13T03:54:01.260+09:00  INFO 57319 --- [settlement-batch-performance] [           main] c.e.s.metrics.BenchmarkPageLog           : BENCHMARK_PAGE|reader=PAGING|page=54|positionType=OFFSET|positionValue=54000|rows=1000|firstId=54001|lastId=55000|durationNanos=9053792
2026-08-13T03:54:01.274+09:00  INFO 57319 --- [settlement-batch-performance] [           main] c.e.s.metrics.BenchmarkPageLog           : BENCHMARK_PAGE|reader=PAGING|page=55|positionType=OFFSET|positionValue=55000|rows=1000|firstId=55001|lastId=56000|durationNanos=9212667
2026-08-13T03:54:01.287+09:00  INFO 57319 --- [settlement-batch-performance] [           main] c.e.s.metrics.BenchmarkPageLog           : BENCHMARK_PAGE|reader=PAGING|page=56|positionType=OFFSET|positionValue=56000|rows=1000|firstId=56001|lastId=57000|durationNanos=9662042
2026-08-13T03:54:01.301+09:00  INFO 57319 --- [settlement-batch-performance] [           main] c.e.s.metrics.BenchmarkPageLog           : BENCHMARK_PAGE|reader=PAGING|page=57|positionType=OFFSET|positionValue=57000|rows=1000|firstId=57001|lastId=58000|durationNanos=9866667
2026-08-13T03:54:01.314+09:00  INFO 57319 --- [settlement-batch-performance] [           main] c.e.s.metrics.BenchmarkPageLog           : BENCHMARK_PAGE|reader=PAGING|page=58|positionType=OFFSET|positionValue=58000|rows=1000|firstId=58001|lastId=59000|durationNanos=10005666
2026-08-13T03:54:01.328+09:00  INFO 57319 --- [settlement-batch-performance] [           main] c.e.s.metrics.BenchmarkPageLog           : BENCHMARK_PAGE|reader=PAGING|page=59|positionType=OFFSET|positionValue=59000|rows=1000|firstId=59001|lastId=60000|durationNanos=9997375
2026-08-13T03:54:01.342+09:00  INFO 57319 --- [settlement-batch-performance] [           main] c.e.s.metrics.BenchmarkPageLog           : BENCHMARK_PAGE|reader=PAGING|page=60|positionType=OFFSET|positionValue=60000|rows=1000|firstId=60001|lastId=61000|durationNanos=9438458
2026-08-13T03:54:01.355+09:00  INFO 57319 --- [settlement-batch-performance] [           main] c.e.s.metrics.BenchmarkPageLog           : BENCHMARK_PAGE|reader=PAGING|page=61|positionType=OFFSET|positionValue=61000|rows=1000|firstId=61001|lastId=62000|durationNanos=9414417
2026-08-13T03:54:01.369+09:00  INFO 57319 --- [settlement-batch-performance] [           main] c.e.s.metrics.BenchmarkPageLog           : BENCHMARK_PAGE|reader=PAGING|page=62|positionType=OFFSET|positionValue=62000|rows=1000|firstId=62001|lastId=63000|durationNanos=10244750
2026-08-13T03:54:01.383+09:00  INFO 57319 --- [settlement-batch-performance] [           main] c.e.s.metrics.BenchmarkPageLog           : BENCHMARK_PAGE|reader=PAGING|page=63|positionType=OFFSET|positionValue=63000|rows=1000|firstId=63001|lastId=64000|durationNanos=9804834
2026-08-13T03:54:01.397+09:00  INFO 57319 --- [settlement-batch-performance] [           main] c.e.s.metrics.BenchmarkPageLog           : BENCHMARK_PAGE|reader=PAGING|page=64|positionType=OFFSET|positionValue=64000|rows=1000|firstId=64001|lastId=65000|durationNanos=10004292
2026-08-13T03:54:01.411+09:00  INFO 57319 --- [settlement-batch-performance] [           main] c.e.s.metrics.BenchmarkPageLog           : BENCHMARK_PAGE|reader=PAGING|page=65|positionType=OFFSET|positionValue=65000|rows=1000|firstId=65001|lastId=66000|durationNanos=10329042
2026-08-13T03:54:01.425+09:00  INFO 57319 --- [settlement-batch-performance] [           main] c.e.s.metrics.BenchmarkPageLog           : BENCHMARK_PAGE|reader=PAGING|page=66|positionType=OFFSET|positionValue=66000|rows=1000|firstId=66001|lastId=67000|durationNanos=9923250
2026-08-13T03:54:01.439+09:00  INFO 57319 --- [settlement-batch-performance] [           main] c.e.s.metrics.BenchmarkPageLog           : BENCHMARK_PAGE|reader=PAGING|page=67|positionType=OFFSET|positionValue=67000|rows=1000|firstId=67001|lastId=68000|durationNanos=10059417
2026-08-13T03:54:01.453+09:00  INFO 57319 --- [settlement-batch-performance] [           main] c.e.s.metrics.BenchmarkPageLog           : BENCHMARK_PAGE|reader=PAGING|page=68|positionType=OFFSET|positionValue=68000|rows=1000|firstId=68001|lastId=69000|durationNanos=10798208
2026-08-13T03:54:01.468+09:00  INFO 57319 --- [settlement-batch-performance] [           main] c.e.s.metrics.BenchmarkPageLog           : BENCHMARK_PAGE|reader=PAGING|page=69|positionType=OFFSET|positionValue=69000|rows=1000|firstId=69001|lastId=70000|durationNanos=10740958
2026-08-13T03:54:01.482+09:00  INFO 57319 --- [settlement-batch-performance] [           main] c.e.s.metrics.BenchmarkPageLog           : BENCHMARK_PAGE|reader=PAGING|page=70|positionType=OFFSET|positionValue=70000|rows=1000|firstId=70001|lastId=71000|durationNanos=10877542
2026-08-13T03:54:01.497+09:00  INFO 57319 --- [settlement-batch-performance] [           main] c.e.s.metrics.BenchmarkPageLog           : BENCHMARK_PAGE|reader=PAGING|page=71|positionType=OFFSET|positionValue=71000|rows=1000|firstId=71001|lastId=72000|durationNanos=11104875
2026-08-13T03:54:01.512+09:00  INFO 57319 --- [settlement-batch-performance] [           main] c.e.s.metrics.BenchmarkPageLog           : BENCHMARK_PAGE|reader=PAGING|page=72|positionType=OFFSET|positionValue=72000|rows=1000|firstId=72001|lastId=73000|durationNanos=11020459
2026-08-13T03:54:01.527+09:00  INFO 57319 --- [settlement-batch-performance] [           main] c.e.s.metrics.BenchmarkPageLog           : BENCHMARK_PAGE|reader=PAGING|page=73|positionType=OFFSET|positionValue=73000|rows=1000|firstId=73001|lastId=74000|durationNanos=10824625
2026-08-13T03:54:01.541+09:00  INFO 57319 --- [settlement-batch-performance] [           main] c.e.s.metrics.BenchmarkPageLog           : BENCHMARK_PAGE|reader=PAGING|page=74|positionType=OFFSET|positionValue=74000|rows=1000|firstId=74001|lastId=75000|durationNanos=10784000
2026-08-13T03:54:01.558+09:00  INFO 57319 --- [settlement-batch-performance] [           main] c.e.s.metrics.BenchmarkPageLog           : BENCHMARK_PAGE|reader=PAGING|page=75|positionType=OFFSET|positionValue=75000|rows=1000|firstId=75001|lastId=76000|durationNanos=12011209
2026-08-13T03:54:01.573+09:00  INFO 57319 --- [settlement-batch-performance] [           main] c.e.s.metrics.BenchmarkPageLog           : BENCHMARK_PAGE|reader=PAGING|page=76|positionType=OFFSET|positionValue=76000|rows=1000|firstId=76001|lastId=77000|durationNanos=10757500
2026-08-13T03:54:01.588+09:00  INFO 57319 --- [settlement-batch-performance] [           main] c.e.s.metrics.BenchmarkPageLog           : BENCHMARK_PAGE|reader=PAGING|page=77|positionType=OFFSET|positionValue=77000|rows=1000|firstId=77001|lastId=78000|durationNanos=11601625
2026-08-13T03:54:01.604+09:00  INFO 57319 --- [settlement-batch-performance] [           main] c.e.s.metrics.BenchmarkPageLog           : BENCHMARK_PAGE|reader=PAGING|page=78|positionType=OFFSET|positionValue=78000|rows=1000|firstId=78001|lastId=79000|durationNanos=11688750
2026-08-13T03:54:01.619+09:00  INFO 57319 --- [settlement-batch-performance] [           main] c.e.s.metrics.BenchmarkPageLog           : BENCHMARK_PAGE|reader=PAGING|page=79|positionType=OFFSET|positionValue=79000|rows=1000|firstId=79001|lastId=80000|durationNanos=11703625
2026-08-13T03:54:01.634+09:00  INFO 57319 --- [settlement-batch-performance] [           main] c.e.s.metrics.BenchmarkPageLog           : BENCHMARK_PAGE|reader=PAGING|page=80|positionType=OFFSET|positionValue=80000|rows=1000|firstId=80001|lastId=81000|durationNanos=11365250
2026-08-13T03:54:01.649+09:00  INFO 57319 --- [settlement-batch-performance] [           main] c.e.s.metrics.BenchmarkPageLog           : BENCHMARK_PAGE|reader=PAGING|page=81|positionType=OFFSET|positionValue=81000|rows=1000|firstId=81001|lastId=82000|durationNanos=11280083
2026-08-13T03:54:01.665+09:00  INFO 57319 --- [settlement-batch-performance] [           main] c.e.s.metrics.BenchmarkPageLog           : BENCHMARK_PAGE|reader=PAGING|page=82|positionType=OFFSET|positionValue=82000|rows=1000|firstId=82001|lastId=83000|durationNanos=11702209
2026-08-13T03:54:01.681+09:00  INFO 57319 --- [settlement-batch-performance] [           main] c.e.s.metrics.BenchmarkPageLog           : BENCHMARK_PAGE|reader=PAGING|page=83|positionType=OFFSET|positionValue=83000|rows=1000|firstId=83001|lastId=84000|durationNanos=12654000
2026-08-13T03:54:01.700+09:00  INFO 57319 --- [settlement-batch-performance] [           main] c.e.s.metrics.BenchmarkPageLog           : BENCHMARK_PAGE|reader=PAGING|page=84|positionType=OFFSET|positionValue=84000|rows=1000|firstId=84001|lastId=85000|durationNanos=12433458
2026-08-13T03:54:01.718+09:00  INFO 57319 --- [settlement-batch-performance] [           main] c.e.s.metrics.BenchmarkPageLog           : BENCHMARK_PAGE|reader=PAGING|page=85|positionType=OFFSET|positionValue=85000|rows=1000|firstId=85001|lastId=86000|durationNanos=13530875
2026-08-13T03:54:01.734+09:00  INFO 57319 --- [settlement-batch-performance] [           main] c.e.s.metrics.BenchmarkPageLog           : BENCHMARK_PAGE|reader=PAGING|page=86|positionType=OFFSET|positionValue=86000|rows=1000|firstId=86001|lastId=87000|durationNanos=12368500
2026-08-13T03:54:01.750+09:00  INFO 57319 --- [settlement-batch-performance] [           main] c.e.s.metrics.BenchmarkPageLog           : BENCHMARK_PAGE|reader=PAGING|page=87|positionType=OFFSET|positionValue=87000|rows=1000|firstId=87001|lastId=88000|durationNanos=11992167
2026-08-13T03:54:01.768+09:00  INFO 57319 --- [settlement-batch-performance] [           main] c.e.s.metrics.BenchmarkPageLog           : BENCHMARK_PAGE|reader=PAGING|page=88|positionType=OFFSET|positionValue=88000|rows=1000|firstId=88001|lastId=89000|durationNanos=13160000
2026-08-13T03:54:01.786+09:00  INFO 57319 --- [settlement-batch-performance] [           main] c.e.s.metrics.BenchmarkPageLog           : BENCHMARK_PAGE|reader=PAGING|page=89|positionType=OFFSET|positionValue=89000|rows=1000|firstId=89001|lastId=90000|durationNanos=12417541
2026-08-13T03:54:01.802+09:00  INFO 57319 --- [settlement-batch-performance] [           main] c.e.s.metrics.BenchmarkPageLog           : BENCHMARK_PAGE|reader=PAGING|page=90|positionType=OFFSET|positionValue=90000|rows=1000|firstId=90001|lastId=91000|durationNanos=12385125
2026-08-13T03:54:01.818+09:00  INFO 57319 --- [settlement-batch-performance] [           main] c.e.s.metrics.BenchmarkPageLog           : BENCHMARK_PAGE|reader=PAGING|page=91|positionType=OFFSET|positionValue=91000|rows=1000|firstId=91001|lastId=92000|durationNanos=12525541
2026-08-13T03:54:01.834+09:00  INFO 57319 --- [settlement-batch-performance] [           main] c.e.s.metrics.BenchmarkPageLog           : BENCHMARK_PAGE|reader=PAGING|page=92|positionType=OFFSET|positionValue=92000|rows=1000|firstId=92001|lastId=93000|durationNanos=12308167
2026-08-13T03:54:01.850+09:00  INFO 57319 --- [settlement-batch-performance] [           main] c.e.s.metrics.BenchmarkPageLog           : BENCHMARK_PAGE|reader=PAGING|page=93|positionType=OFFSET|positionValue=93000|rows=1000|firstId=93001|lastId=94000|durationNanos=12233333
2026-08-13T03:54:01.867+09:00  INFO 57319 --- [settlement-batch-performance] [           main] c.e.s.metrics.BenchmarkPageLog           : BENCHMARK_PAGE|reader=PAGING|page=94|positionType=OFFSET|positionValue=94000|rows=1000|firstId=94001|lastId=95000|durationNanos=12740500
2026-08-13T03:54:01.884+09:00  INFO 57319 --- [settlement-batch-performance] [           main] c.e.s.metrics.BenchmarkPageLog           : BENCHMARK_PAGE|reader=PAGING|page=95|positionType=OFFSET|positionValue=95000|rows=1000|firstId=95001|lastId=96000|durationNanos=12589791
2026-08-13T03:54:01.900+09:00  INFO 57319 --- [settlement-batch-performance] [           main] c.e.s.metrics.BenchmarkPageLog           : BENCHMARK_PAGE|reader=PAGING|page=96|positionType=OFFSET|positionValue=96000|rows=1000|firstId=96001|lastId=97000|durationNanos=12761584
2026-08-13T03:54:01.918+09:00  INFO 57319 --- [settlement-batch-performance] [           main] c.e.s.metrics.BenchmarkPageLog           : BENCHMARK_PAGE|reader=PAGING|page=97|positionType=OFFSET|positionValue=97000|rows=1000|firstId=97001|lastId=98000|durationNanos=13530708
2026-08-13T03:54:01.936+09:00  INFO 57319 --- [settlement-batch-performance] [           main] c.e.s.metrics.BenchmarkPageLog           : BENCHMARK_PAGE|reader=PAGING|page=98|positionType=OFFSET|positionValue=98000|rows=1000|firstId=98001|lastId=99000|durationNanos=12721166
2026-08-13T03:54:01.953+09:00  INFO 57319 --- [settlement-batch-performance] [           main] c.e.s.metrics.BenchmarkPageLog           : BENCHMARK_PAGE|reader=PAGING|page=99|positionType=OFFSET|positionValue=99000|rows=1000|firstId=99001|lastId=100000|durationNanos=13359750
2026-08-13T03:54:01.967+09:00  INFO 57319 --- [settlement-batch-performance] [           main] c.e.s.metrics.BenchmarkPageLog           : BENCHMARK_PAGE|reader=PAGING|page=100|positionType=OFFSET|positionValue=100000|rows=0|firstId=|lastId=|durationNanos=9440125
2026-08-13T03:54:01.980+09:00  INFO 57319 --- [settlement-batch-performance] [           main] c.e.s.metrics.BenchmarkRunner            : BENCHMARK_RESULT|benchmarkId=20260813-100k-baseline-01|phase=MEASURED|round=1|sequence=3|reader=PAGING|jobExecutionId=3|status=COMPLETED|jobDurationNanos=1347351000|stepDurationNanos=1332649000|wallDurationNanos=1361662291|readCount=100000|writeCount=100000|skipCount=0|rollbackCount=0|failure=
2026-08-13T03:54:02.004+09:00  INFO 57319 --- [settlement-batch-performance] [           main] c.e.s.metrics.BenchmarkPageLog           : BENCHMARK_PAGE|reader=ZERO_OFFSET|page=0|positionType=LAST_ID|positionValue=INITIAL|rows=1000|firstId=1|lastId=1000|durationNanos=5181250
2026-08-13T03:54:02.012+09:00  INFO 57319 --- [settlement-batch-performance] [           main] c.e.s.metrics.BenchmarkPageLog           : BENCHMARK_PAGE|reader=ZERO_OFFSET|page=1|positionType=LAST_ID|positionValue=1000|rows=1000|firstId=1001|lastId=2000|durationNanos=5365708
2026-08-13T03:54:02.021+09:00  INFO 57319 --- [settlement-batch-performance] [           main] c.e.s.metrics.BenchmarkPageLog           : BENCHMARK_PAGE|reader=ZERO_OFFSET|page=2|positionType=LAST_ID|positionValue=2000|rows=1000|firstId=2001|lastId=3000|durationNanos=4660541
2026-08-13T03:54:02.030+09:00  INFO 57319 --- [settlement-batch-performance] [           main] c.e.s.metrics.BenchmarkPageLog           : BENCHMARK_PAGE|reader=ZERO_OFFSET|page=3|positionType=LAST_ID|positionValue=3000|rows=1000|firstId=3001|lastId=4000|durationNanos=5195875
2026-08-13T03:54:02.038+09:00  INFO 57319 --- [settlement-batch-performance] [           main] c.e.s.metrics.BenchmarkPageLog           : BENCHMARK_PAGE|reader=ZERO_OFFSET|page=4|positionType=LAST_ID|positionValue=4000|rows=1000|firstId=4001|lastId=5000|durationNanos=4470834
2026-08-13T03:54:02.047+09:00  INFO 57319 --- [settlement-batch-performance] [           main] c.e.s.metrics.BenchmarkPageLog           : BENCHMARK_PAGE|reader=ZERO_OFFSET|page=5|positionType=LAST_ID|positionValue=5000|rows=1000|firstId=5001|lastId=6000|durationNanos=4873083
2026-08-13T03:54:02.055+09:00  INFO 57319 --- [settlement-batch-performance] [           main] c.e.s.metrics.BenchmarkPageLog           : BENCHMARK_PAGE|reader=ZERO_OFFSET|page=6|positionType=LAST_ID|positionValue=6000|rows=1000|firstId=6001|lastId=7000|durationNanos=4427625
2026-08-13T03:54:02.064+09:00  INFO 57319 --- [settlement-batch-performance] [           main] c.e.s.metrics.BenchmarkPageLog           : BENCHMARK_PAGE|reader=ZERO_OFFSET|page=7|positionType=LAST_ID|positionValue=7000|rows=1000|firstId=7001|lastId=8000|durationNanos=4842667
2026-08-13T03:54:02.072+09:00  INFO 57319 --- [settlement-batch-performance] [           main] c.e.s.metrics.BenchmarkPageLog           : BENCHMARK_PAGE|reader=ZERO_OFFSET|page=8|positionType=LAST_ID|positionValue=8000|rows=1000|firstId=8001|lastId=9000|durationNanos=4708083
2026-08-13T03:54:02.081+09:00  INFO 57319 --- [settlement-batch-performance] [           main] c.e.s.metrics.BenchmarkPageLog           : BENCHMARK_PAGE|reader=ZERO_OFFSET|page=9|positionType=LAST_ID|positionValue=9000|rows=1000|firstId=9001|lastId=10000|durationNanos=5258458
2026-08-13T03:54:02.089+09:00  INFO 57319 --- [settlement-batch-performance] [           main] c.e.s.metrics.BenchmarkPageLog           : BENCHMARK_PAGE|reader=ZERO_OFFSET|page=10|positionType=LAST_ID|positionValue=10000|rows=1000|firstId=10001|lastId=11000|durationNanos=4421083
2026-08-13T03:54:02.098+09:00  INFO 57319 --- [settlement-batch-performance] [           main] c.e.s.metrics.BenchmarkPageLog           : BENCHMARK_PAGE|reader=ZERO_OFFSET|page=11|positionType=LAST_ID|positionValue=11000|rows=1000|firstId=11001|lastId=12000|durationNanos=5121583
2026-08-13T03:54:02.107+09:00  INFO 57319 --- [settlement-batch-performance] [           main] c.e.s.metrics.BenchmarkPageLog           : BENCHMARK_PAGE|reader=ZERO_OFFSET|page=12|positionType=LAST_ID|positionValue=12000|rows=1000|firstId=12001|lastId=13000|durationNanos=4624333
2026-08-13T03:54:02.117+09:00  INFO 57319 --- [settlement-batch-performance] [           main] c.e.s.metrics.BenchmarkPageLog           : BENCHMARK_PAGE|reader=ZERO_OFFSET|page=13|positionType=LAST_ID|positionValue=13000|rows=1000|firstId=13001|lastId=14000|durationNanos=6973750
2026-08-13T03:54:02.126+09:00  INFO 57319 --- [settlement-batch-performance] [           main] c.e.s.metrics.BenchmarkPageLog           : BENCHMARK_PAGE|reader=ZERO_OFFSET|page=14|positionType=LAST_ID|positionValue=14000|rows=1000|firstId=14001|lastId=15000|durationNanos=4929916
2026-08-13T03:54:02.135+09:00  INFO 57319 --- [settlement-batch-performance] [           main] c.e.s.metrics.BenchmarkPageLog           : BENCHMARK_PAGE|reader=ZERO_OFFSET|page=15|positionType=LAST_ID|positionValue=15000|rows=1000|firstId=15001|lastId=16000|durationNanos=4736333
2026-08-13T03:54:02.143+09:00  INFO 57319 --- [settlement-batch-performance] [           main] c.e.s.metrics.BenchmarkPageLog           : BENCHMARK_PAGE|reader=ZERO_OFFSET|page=16|positionType=LAST_ID|positionValue=16000|rows=1000|firstId=16001|lastId=17000|durationNanos=4513459
2026-08-13T03:54:02.152+09:00  INFO 57319 --- [settlement-batch-performance] [           main] c.e.s.metrics.BenchmarkPageLog           : BENCHMARK_PAGE|reader=ZERO_OFFSET|page=17|positionType=LAST_ID|positionValue=17000|rows=1000|firstId=17001|lastId=18000|durationNanos=4632625
2026-08-13T03:54:02.160+09:00  INFO 57319 --- [settlement-batch-performance] [           main] c.e.s.metrics.BenchmarkPageLog           : BENCHMARK_PAGE|reader=ZERO_OFFSET|page=18|positionType=LAST_ID|positionValue=18000|rows=1000|firstId=18001|lastId=19000|durationNanos=4550625
2026-08-13T03:54:02.168+09:00  INFO 57319 --- [settlement-batch-performance] [           main] c.e.s.metrics.BenchmarkPageLog           : BENCHMARK_PAGE|reader=ZERO_OFFSET|page=19|positionType=LAST_ID|positionValue=19000|rows=1000|firstId=19001|lastId=20000|durationNanos=4622416
2026-08-13T03:54:02.177+09:00  INFO 57319 --- [settlement-batch-performance] [           main] c.e.s.metrics.BenchmarkPageLog           : BENCHMARK_PAGE|reader=ZERO_OFFSET|page=20|positionType=LAST_ID|positionValue=20000|rows=1000|firstId=20001|lastId=21000|durationNanos=4656292
2026-08-13T03:54:02.186+09:00  INFO 57319 --- [settlement-batch-performance] [           main] c.e.s.metrics.BenchmarkPageLog           : BENCHMARK_PAGE|reader=ZERO_OFFSET|page=21|positionType=LAST_ID|positionValue=21000|rows=1000|firstId=21001|lastId=22000|durationNanos=4658625
2026-08-13T03:54:02.194+09:00  INFO 57319 --- [settlement-batch-performance] [           main] c.e.s.metrics.BenchmarkPageLog           : BENCHMARK_PAGE|reader=ZERO_OFFSET|page=22|positionType=LAST_ID|positionValue=22000|rows=1000|firstId=22001|lastId=23000|durationNanos=4640417
2026-08-13T03:54:02.203+09:00  INFO 57319 --- [settlement-batch-performance] [           main] c.e.s.metrics.BenchmarkPageLog           : BENCHMARK_PAGE|reader=ZERO_OFFSET|page=23|positionType=LAST_ID|positionValue=23000|rows=1000|firstId=23001|lastId=24000|durationNanos=5331791
2026-08-13T03:54:02.212+09:00  INFO 57319 --- [settlement-batch-performance] [           main] c.e.s.metrics.BenchmarkPageLog           : BENCHMARK_PAGE|reader=ZERO_OFFSET|page=24|positionType=LAST_ID|positionValue=24000|rows=1000|firstId=24001|lastId=25000|durationNanos=5049375
2026-08-13T03:54:02.221+09:00  INFO 57319 --- [settlement-batch-performance] [           main] c.e.s.metrics.BenchmarkPageLog           : BENCHMARK_PAGE|reader=ZERO_OFFSET|page=25|positionType=LAST_ID|positionValue=25000|rows=1000|firstId=25001|lastId=26000|durationNanos=4661334
2026-08-13T03:54:02.231+09:00  INFO 57319 --- [settlement-batch-performance] [           main] c.e.s.metrics.BenchmarkPageLog           : BENCHMARK_PAGE|reader=ZERO_OFFSET|page=26|positionType=LAST_ID|positionValue=26000|rows=1000|firstId=26001|lastId=27000|durationNanos=6206666
2026-08-13T03:54:02.239+09:00  INFO 57319 --- [settlement-batch-performance] [           main] c.e.s.metrics.BenchmarkPageLog           : BENCHMARK_PAGE|reader=ZERO_OFFSET|page=27|positionType=LAST_ID|positionValue=27000|rows=1000|firstId=27001|lastId=28000|durationNanos=4672416
2026-08-13T03:54:02.248+09:00  INFO 57319 --- [settlement-batch-performance] [           main] c.e.s.metrics.BenchmarkPageLog           : BENCHMARK_PAGE|reader=ZERO_OFFSET|page=28|positionType=LAST_ID|positionValue=28000|rows=1000|firstId=28001|lastId=29000|durationNanos=5192542
2026-08-13T03:54:02.256+09:00  INFO 57319 --- [settlement-batch-performance] [           main] c.e.s.metrics.BenchmarkPageLog           : BENCHMARK_PAGE|reader=ZERO_OFFSET|page=29|positionType=LAST_ID|positionValue=29000|rows=1000|firstId=29001|lastId=30000|durationNanos=4548959
2026-08-13T03:54:02.266+09:00  INFO 57319 --- [settlement-batch-performance] [           main] c.e.s.metrics.BenchmarkPageLog           : BENCHMARK_PAGE|reader=ZERO_OFFSET|page=30|positionType=LAST_ID|positionValue=30000|rows=1000|firstId=30001|lastId=31000|durationNanos=4785208
2026-08-13T03:54:02.274+09:00  INFO 57319 --- [settlement-batch-performance] [           main] c.e.s.metrics.BenchmarkPageLog           : BENCHMARK_PAGE|reader=ZERO_OFFSET|page=31|positionType=LAST_ID|positionValue=31000|rows=1000|firstId=31001|lastId=32000|durationNanos=4844542
2026-08-13T03:54:02.283+09:00  INFO 57319 --- [settlement-batch-performance] [           main] c.e.s.metrics.BenchmarkPageLog           : BENCHMARK_PAGE|reader=ZERO_OFFSET|page=32|positionType=LAST_ID|positionValue=32000|rows=1000|firstId=32001|lastId=33000|durationNanos=4730958
2026-08-13T03:54:02.291+09:00  INFO 57319 --- [settlement-batch-performance] [           main] c.e.s.metrics.BenchmarkPageLog           : BENCHMARK_PAGE|reader=ZERO_OFFSET|page=33|positionType=LAST_ID|positionValue=33000|rows=1000|firstId=33001|lastId=34000|durationNanos=4517125
2026-08-13T03:54:02.301+09:00  INFO 57319 --- [settlement-batch-performance] [           main] c.e.s.metrics.BenchmarkPageLog           : BENCHMARK_PAGE|reader=ZERO_OFFSET|page=34|positionType=LAST_ID|positionValue=34000|rows=1000|firstId=34001|lastId=35000|durationNanos=6468375
2026-08-13T03:54:02.314+09:00  INFO 57319 --- [settlement-batch-performance] [           main] c.e.s.metrics.BenchmarkPageLog           : BENCHMARK_PAGE|reader=ZERO_OFFSET|page=35|positionType=LAST_ID|positionValue=35000|rows=1000|firstId=35001|lastId=36000|durationNanos=6870166
2026-08-13T03:54:02.322+09:00  INFO 57319 --- [settlement-batch-performance] [           main] c.e.s.metrics.BenchmarkPageLog           : BENCHMARK_PAGE|reader=ZERO_OFFSET|page=36|positionType=LAST_ID|positionValue=36000|rows=1000|firstId=36001|lastId=37000|durationNanos=4494959
2026-08-13T03:54:02.330+09:00  INFO 57319 --- [settlement-batch-performance] [           main] c.e.s.metrics.BenchmarkPageLog           : BENCHMARK_PAGE|reader=ZERO_OFFSET|page=37|positionType=LAST_ID|positionValue=37000|rows=1000|firstId=37001|lastId=38000|durationNanos=4906750
2026-08-13T03:54:02.338+09:00  INFO 57319 --- [settlement-batch-performance] [           main] c.e.s.metrics.BenchmarkPageLog           : BENCHMARK_PAGE|reader=ZERO_OFFSET|page=38|positionType=LAST_ID|positionValue=38000|rows=1000|firstId=38001|lastId=39000|durationNanos=4449041
2026-08-13T03:54:02.348+09:00  INFO 57319 --- [settlement-batch-performance] [           main] c.e.s.metrics.BenchmarkPageLog           : BENCHMARK_PAGE|reader=ZERO_OFFSET|page=39|positionType=LAST_ID|positionValue=39000|rows=1000|firstId=39001|lastId=40000|durationNanos=5101375
2026-08-13T03:54:02.356+09:00  INFO 57319 --- [settlement-batch-performance] [           main] c.e.s.metrics.BenchmarkPageLog           : BENCHMARK_PAGE|reader=ZERO_OFFSET|page=40|positionType=LAST_ID|positionValue=40000|rows=1000|firstId=40001|lastId=41000|durationNanos=4587209
2026-08-13T03:54:02.365+09:00  INFO 57319 --- [settlement-batch-performance] [           main] c.e.s.metrics.BenchmarkPageLog           : BENCHMARK_PAGE|reader=ZERO_OFFSET|page=41|positionType=LAST_ID|positionValue=41000|rows=1000|firstId=41001|lastId=42000|durationNanos=5059375
2026-08-13T03:54:02.373+09:00  INFO 57319 --- [settlement-batch-performance] [           main] c.e.s.metrics.BenchmarkPageLog           : BENCHMARK_PAGE|reader=ZERO_OFFSET|page=42|positionType=LAST_ID|positionValue=42000|rows=1000|firstId=42001|lastId=43000|durationNanos=4461125
2026-08-13T03:54:02.382+09:00  INFO 57319 --- [settlement-batch-performance] [           main] c.e.s.metrics.BenchmarkPageLog           : BENCHMARK_PAGE|reader=ZERO_OFFSET|page=43|positionType=LAST_ID|positionValue=43000|rows=1000|firstId=43001|lastId=44000|durationNanos=4976625
2026-08-13T03:54:02.390+09:00  INFO 57319 --- [settlement-batch-performance] [           main] c.e.s.metrics.BenchmarkPageLog           : BENCHMARK_PAGE|reader=ZERO_OFFSET|page=44|positionType=LAST_ID|positionValue=44000|rows=1000|firstId=44001|lastId=45000|durationNanos=4543959
2026-08-13T03:54:02.398+09:00  INFO 57319 --- [settlement-batch-performance] [           main] c.e.s.metrics.BenchmarkPageLog           : BENCHMARK_PAGE|reader=ZERO_OFFSET|page=45|positionType=LAST_ID|positionValue=45000|rows=1000|firstId=45001|lastId=46000|durationNanos=5008917
2026-08-13T03:54:02.406+09:00  INFO 57319 --- [settlement-batch-performance] [           main] c.e.s.metrics.BenchmarkPageLog           : BENCHMARK_PAGE|reader=ZERO_OFFSET|page=46|positionType=LAST_ID|positionValue=46000|rows=1000|firstId=46001|lastId=47000|durationNanos=4509792
2026-08-13T03:54:02.415+09:00  INFO 57319 --- [settlement-batch-performance] [           main] c.e.s.metrics.BenchmarkPageLog           : BENCHMARK_PAGE|reader=ZERO_OFFSET|page=47|positionType=LAST_ID|positionValue=47000|rows=1000|firstId=47001|lastId=48000|durationNanos=5149042
2026-08-13T03:54:02.424+09:00  INFO 57319 --- [settlement-batch-performance] [           main] c.e.s.metrics.BenchmarkPageLog           : BENCHMARK_PAGE|reader=ZERO_OFFSET|page=48|positionType=LAST_ID|positionValue=48000|rows=1000|firstId=48001|lastId=49000|durationNanos=4471625
2026-08-13T03:54:02.432+09:00  INFO 57319 --- [settlement-batch-performance] [           main] c.e.s.metrics.BenchmarkPageLog           : BENCHMARK_PAGE|reader=ZERO_OFFSET|page=49|positionType=LAST_ID|positionValue=49000|rows=1000|firstId=49001|lastId=50000|durationNanos=5228041
2026-08-13T03:54:02.443+09:00  INFO 57319 --- [settlement-batch-performance] [           main] c.e.s.metrics.BenchmarkPageLog           : BENCHMARK_PAGE|reader=ZERO_OFFSET|page=50|positionType=LAST_ID|positionValue=50000|rows=1000|firstId=50001|lastId=51000|durationNanos=6728750
2026-08-13T03:54:02.453+09:00  INFO 57319 --- [settlement-batch-performance] [           main] c.e.s.metrics.BenchmarkPageLog           : BENCHMARK_PAGE|reader=ZERO_OFFSET|page=51|positionType=LAST_ID|positionValue=51000|rows=1000|firstId=51001|lastId=52000|durationNanos=5471083
2026-08-13T03:54:02.461+09:00  INFO 57319 --- [settlement-batch-performance] [           main] c.e.s.metrics.BenchmarkPageLog           : BENCHMARK_PAGE|reader=ZERO_OFFSET|page=52|positionType=LAST_ID|positionValue=52000|rows=1000|firstId=52001|lastId=53000|durationNanos=5099333
2026-08-13T03:54:02.470+09:00  INFO 57319 --- [settlement-batch-performance] [           main] c.e.s.metrics.BenchmarkPageLog           : BENCHMARK_PAGE|reader=ZERO_OFFSET|page=53|positionType=LAST_ID|positionValue=53000|rows=1000|firstId=53001|lastId=54000|durationNanos=4736083
2026-08-13T03:54:02.479+09:00  INFO 57319 --- [settlement-batch-performance] [           main] c.e.s.metrics.BenchmarkPageLog           : BENCHMARK_PAGE|reader=ZERO_OFFSET|page=54|positionType=LAST_ID|positionValue=54000|rows=1000|firstId=54001|lastId=55000|durationNanos=5201667
2026-08-13T03:54:02.487+09:00  INFO 57319 --- [settlement-batch-performance] [           main] c.e.s.metrics.BenchmarkPageLog           : BENCHMARK_PAGE|reader=ZERO_OFFSET|page=55|positionType=LAST_ID|positionValue=55000|rows=1000|firstId=55001|lastId=56000|durationNanos=4395916
2026-08-13T03:54:02.497+09:00  INFO 57319 --- [settlement-batch-performance] [           main] c.e.s.metrics.BenchmarkPageLog           : BENCHMARK_PAGE|reader=ZERO_OFFSET|page=56|positionType=LAST_ID|positionValue=56000|rows=1000|firstId=56001|lastId=57000|durationNanos=6097583
2026-08-13T03:54:02.505+09:00  INFO 57319 --- [settlement-batch-performance] [           main] c.e.s.metrics.BenchmarkPageLog           : BENCHMARK_PAGE|reader=ZERO_OFFSET|page=57|positionType=LAST_ID|positionValue=57000|rows=1000|firstId=57001|lastId=58000|durationNanos=4731375
2026-08-13T03:54:02.515+09:00  INFO 57319 --- [settlement-batch-performance] [           main] c.e.s.metrics.BenchmarkPageLog           : BENCHMARK_PAGE|reader=ZERO_OFFSET|page=58|positionType=LAST_ID|positionValue=58000|rows=1000|firstId=58001|lastId=59000|durationNanos=5213958
2026-08-13T03:54:02.523+09:00  INFO 57319 --- [settlement-batch-performance] [           main] c.e.s.metrics.BenchmarkPageLog           : BENCHMARK_PAGE|reader=ZERO_OFFSET|page=59|positionType=LAST_ID|positionValue=59000|rows=1000|firstId=59001|lastId=60000|durationNanos=4502750
2026-08-13T03:54:02.531+09:00  INFO 57319 --- [settlement-batch-performance] [           main] c.e.s.metrics.BenchmarkPageLog           : BENCHMARK_PAGE|reader=ZERO_OFFSET|page=60|positionType=LAST_ID|positionValue=60000|rows=1000|firstId=60001|lastId=61000|durationNanos=4884834
2026-08-13T03:54:02.539+09:00  INFO 57319 --- [settlement-batch-performance] [           main] c.e.s.metrics.BenchmarkPageLog           : BENCHMARK_PAGE|reader=ZERO_OFFSET|page=61|positionType=LAST_ID|positionValue=61000|rows=1000|firstId=61001|lastId=62000|durationNanos=4389375
2026-08-13T03:54:02.548+09:00  INFO 57319 --- [settlement-batch-performance] [           main] c.e.s.metrics.BenchmarkPageLog           : BENCHMARK_PAGE|reader=ZERO_OFFSET|page=62|positionType=LAST_ID|positionValue=62000|rows=1000|firstId=62001|lastId=63000|durationNanos=4976583
2026-08-13T03:54:02.556+09:00  INFO 57319 --- [settlement-batch-performance] [           main] c.e.s.metrics.BenchmarkPageLog           : BENCHMARK_PAGE|reader=ZERO_OFFSET|page=63|positionType=LAST_ID|positionValue=63000|rows=1000|firstId=63001|lastId=64000|durationNanos=4354083
2026-08-13T03:54:02.566+09:00  INFO 57319 --- [settlement-batch-performance] [           main] c.e.s.metrics.BenchmarkPageLog           : BENCHMARK_PAGE|reader=ZERO_OFFSET|page=64|positionType=LAST_ID|positionValue=64000|rows=1000|firstId=64001|lastId=65000|durationNanos=5685834
2026-08-13T03:54:02.574+09:00  INFO 57319 --- [settlement-batch-performance] [           main] c.e.s.metrics.BenchmarkPageLog           : BENCHMARK_PAGE|reader=ZERO_OFFSET|page=65|positionType=LAST_ID|positionValue=65000|rows=1000|firstId=65001|lastId=66000|durationNanos=4735291
2026-08-13T03:54:02.583+09:00  INFO 57319 --- [settlement-batch-performance] [           main] c.e.s.metrics.BenchmarkPageLog           : BENCHMARK_PAGE|reader=ZERO_OFFSET|page=66|positionType=LAST_ID|positionValue=66000|rows=1000|firstId=66001|lastId=67000|durationNanos=4627292
2026-08-13T03:54:02.591+09:00  INFO 57319 --- [settlement-batch-performance] [           main] c.e.s.metrics.BenchmarkPageLog           : BENCHMARK_PAGE|reader=ZERO_OFFSET|page=67|positionType=LAST_ID|positionValue=67000|rows=1000|firstId=67001|lastId=68000|durationNanos=4781000
2026-08-13T03:54:02.600+09:00  INFO 57319 --- [settlement-batch-performance] [           main] c.e.s.metrics.BenchmarkPageLog           : BENCHMARK_PAGE|reader=ZERO_OFFSET|page=68|positionType=LAST_ID|positionValue=68000|rows=1000|firstId=68001|lastId=69000|durationNanos=4555375
2026-08-13T03:54:02.608+09:00  INFO 57319 --- [settlement-batch-performance] [           main] c.e.s.metrics.BenchmarkPageLog           : BENCHMARK_PAGE|reader=ZERO_OFFSET|page=69|positionType=LAST_ID|positionValue=69000|rows=1000|firstId=69001|lastId=70000|durationNanos=4313250
2026-08-13T03:54:02.617+09:00  INFO 57319 --- [settlement-batch-performance] [           main] c.e.s.metrics.BenchmarkPageLog           : BENCHMARK_PAGE|reader=ZERO_OFFSET|page=70|positionType=LAST_ID|positionValue=70000|rows=1000|firstId=70001|lastId=71000|durationNanos=4486500
2026-08-13T03:54:02.625+09:00  INFO 57319 --- [settlement-batch-performance] [           main] c.e.s.metrics.BenchmarkPageLog           : BENCHMARK_PAGE|reader=ZERO_OFFSET|page=71|positionType=LAST_ID|positionValue=71000|rows=1000|firstId=71001|lastId=72000|durationNanos=4350625
2026-08-13T03:54:02.633+09:00  INFO 57319 --- [settlement-batch-performance] [           main] c.e.s.metrics.BenchmarkPageLog           : BENCHMARK_PAGE|reader=ZERO_OFFSET|page=72|positionType=LAST_ID|positionValue=72000|rows=1000|firstId=72001|lastId=73000|durationNanos=4607541
2026-08-13T03:54:02.642+09:00  INFO 57319 --- [settlement-batch-performance] [           main] c.e.s.metrics.BenchmarkPageLog           : BENCHMARK_PAGE|reader=ZERO_OFFSET|page=73|positionType=LAST_ID|positionValue=73000|rows=1000|firstId=73001|lastId=74000|durationNanos=4337417
2026-08-13T03:54:02.650+09:00  INFO 57319 --- [settlement-batch-performance] [           main] c.e.s.metrics.BenchmarkPageLog           : BENCHMARK_PAGE|reader=ZERO_OFFSET|page=74|positionType=LAST_ID|positionValue=74000|rows=1000|firstId=74001|lastId=75000|durationNanos=4480584
2026-08-13T03:54:02.658+09:00  INFO 57319 --- [settlement-batch-performance] [           main] c.e.s.metrics.BenchmarkPageLog           : BENCHMARK_PAGE|reader=ZERO_OFFSET|page=75|positionType=LAST_ID|positionValue=75000|rows=1000|firstId=75001|lastId=76000|durationNanos=4272333
2026-08-13T03:54:02.667+09:00  INFO 57319 --- [settlement-batch-performance] [           main] c.e.s.metrics.BenchmarkPageLog           : BENCHMARK_PAGE|reader=ZERO_OFFSET|page=76|positionType=LAST_ID|positionValue=76000|rows=1000|firstId=76001|lastId=77000|durationNanos=4622958
2026-08-13T03:54:02.675+09:00  INFO 57319 --- [settlement-batch-performance] [           main] c.e.s.metrics.BenchmarkPageLog           : BENCHMARK_PAGE|reader=ZERO_OFFSET|page=77|positionType=LAST_ID|positionValue=77000|rows=1000|firstId=77001|lastId=78000|durationNanos=4904375
2026-08-13T03:54:02.685+09:00  INFO 57319 --- [settlement-batch-performance] [           main] c.e.s.metrics.BenchmarkPageLog           : BENCHMARK_PAGE|reader=ZERO_OFFSET|page=78|positionType=LAST_ID|positionValue=78000|rows=1000|firstId=78001|lastId=79000|durationNanos=5472833
2026-08-13T03:54:02.693+09:00  INFO 57319 --- [settlement-batch-performance] [           main] c.e.s.metrics.BenchmarkPageLog           : BENCHMARK_PAGE|reader=ZERO_OFFSET|page=79|positionType=LAST_ID|positionValue=79000|rows=1000|firstId=79001|lastId=80000|durationNanos=4537333
2026-08-13T03:54:02.702+09:00  INFO 57319 --- [settlement-batch-performance] [           main] c.e.s.metrics.BenchmarkPageLog           : BENCHMARK_PAGE|reader=ZERO_OFFSET|page=80|positionType=LAST_ID|positionValue=80000|rows=1000|firstId=80001|lastId=81000|durationNanos=4580625
2026-08-13T03:54:02.710+09:00  INFO 57319 --- [settlement-batch-performance] [           main] c.e.s.metrics.BenchmarkPageLog           : BENCHMARK_PAGE|reader=ZERO_OFFSET|page=81|positionType=LAST_ID|positionValue=81000|rows=1000|firstId=81001|lastId=82000|durationNanos=4473875
2026-08-13T03:54:02.718+09:00  INFO 57319 --- [settlement-batch-performance] [           main] c.e.s.metrics.BenchmarkPageLog           : BENCHMARK_PAGE|reader=ZERO_OFFSET|page=82|positionType=LAST_ID|positionValue=82000|rows=1000|firstId=82001|lastId=83000|durationNanos=4588625
2026-08-13T03:54:02.726+09:00  INFO 57319 --- [settlement-batch-performance] [           main] c.e.s.metrics.BenchmarkPageLog           : BENCHMARK_PAGE|reader=ZERO_OFFSET|page=83|positionType=LAST_ID|positionValue=83000|rows=1000|firstId=83001|lastId=84000|durationNanos=4342583
2026-08-13T03:54:02.735+09:00  INFO 57319 --- [settlement-batch-performance] [           main] c.e.s.metrics.BenchmarkPageLog           : BENCHMARK_PAGE|reader=ZERO_OFFSET|page=84|positionType=LAST_ID|positionValue=84000|rows=1000|firstId=84001|lastId=85000|durationNanos=4531584
2026-08-13T03:54:02.742+09:00  INFO 57319 --- [settlement-batch-performance] [           main] c.e.s.metrics.BenchmarkPageLog           : BENCHMARK_PAGE|reader=ZERO_OFFSET|page=85|positionType=LAST_ID|positionValue=85000|rows=1000|firstId=85001|lastId=86000|durationNanos=4193750
2026-08-13T03:54:02.750+09:00  INFO 57319 --- [settlement-batch-performance] [           main] c.e.s.metrics.BenchmarkPageLog           : BENCHMARK_PAGE|reader=ZERO_OFFSET|page=86|positionType=LAST_ID|positionValue=86000|rows=1000|firstId=86001|lastId=87000|durationNanos=4284875
2026-08-13T03:54:02.758+09:00  INFO 57319 --- [settlement-batch-performance] [           main] c.e.s.metrics.BenchmarkPageLog           : BENCHMARK_PAGE|reader=ZERO_OFFSET|page=87|positionType=LAST_ID|positionValue=87000|rows=1000|firstId=87001|lastId=88000|durationNanos=4197916
2026-08-13T03:54:02.766+09:00  INFO 57319 --- [settlement-batch-performance] [           main] c.e.s.metrics.BenchmarkPageLog           : BENCHMARK_PAGE|reader=ZERO_OFFSET|page=88|positionType=LAST_ID|positionValue=88000|rows=1000|firstId=88001|lastId=89000|durationNanos=4537625
2026-08-13T03:54:02.774+09:00  INFO 57319 --- [settlement-batch-performance] [           main] c.e.s.metrics.BenchmarkPageLog           : BENCHMARK_PAGE|reader=ZERO_OFFSET|page=89|positionType=LAST_ID|positionValue=89000|rows=1000|firstId=89001|lastId=90000|durationNanos=4563709
2026-08-13T03:54:02.784+09:00  INFO 57319 --- [settlement-batch-performance] [           main] c.e.s.metrics.BenchmarkPageLog           : BENCHMARK_PAGE|reader=ZERO_OFFSET|page=90|positionType=LAST_ID|positionValue=90000|rows=1000|firstId=90001|lastId=91000|durationNanos=4515500
2026-08-13T03:54:02.792+09:00  INFO 57319 --- [settlement-batch-performance] [           main] c.e.s.metrics.BenchmarkPageLog           : BENCHMARK_PAGE|reader=ZERO_OFFSET|page=91|positionType=LAST_ID|positionValue=91000|rows=1000|firstId=91001|lastId=92000|durationNanos=4455709
2026-08-13T03:54:02.800+09:00  INFO 57319 --- [settlement-batch-performance] [           main] c.e.s.metrics.BenchmarkPageLog           : BENCHMARK_PAGE|reader=ZERO_OFFSET|page=92|positionType=LAST_ID|positionValue=92000|rows=1000|firstId=92001|lastId=93000|durationNanos=4741625
2026-08-13T03:54:02.808+09:00  INFO 57319 --- [settlement-batch-performance] [           main] c.e.s.metrics.BenchmarkPageLog           : BENCHMARK_PAGE|reader=ZERO_OFFSET|page=93|positionType=LAST_ID|positionValue=93000|rows=1000|firstId=93001|lastId=94000|durationNanos=4385709
2026-08-13T03:54:02.816+09:00  INFO 57319 --- [settlement-batch-performance] [           main] c.e.s.metrics.BenchmarkPageLog           : BENCHMARK_PAGE|reader=ZERO_OFFSET|page=94|positionType=LAST_ID|positionValue=94000|rows=1000|firstId=94001|lastId=95000|durationNanos=4467500
2026-08-13T03:54:02.824+09:00  INFO 57319 --- [settlement-batch-performance] [           main] c.e.s.metrics.BenchmarkPageLog           : BENCHMARK_PAGE|reader=ZERO_OFFSET|page=95|positionType=LAST_ID|positionValue=95000|rows=1000|firstId=95001|lastId=96000|durationNanos=4329416
2026-08-13T03:54:02.833+09:00  INFO 57319 --- [settlement-batch-performance] [           main] c.e.s.metrics.BenchmarkPageLog           : BENCHMARK_PAGE|reader=ZERO_OFFSET|page=96|positionType=LAST_ID|positionValue=96000|rows=1000|firstId=96001|lastId=97000|durationNanos=4633417
2026-08-13T03:54:02.841+09:00  INFO 57319 --- [settlement-batch-performance] [           main] c.e.s.metrics.BenchmarkPageLog           : BENCHMARK_PAGE|reader=ZERO_OFFSET|page=97|positionType=LAST_ID|positionValue=97000|rows=1000|firstId=97001|lastId=98000|durationNanos=4422166
2026-08-13T03:54:02.849+09:00  INFO 57319 --- [settlement-batch-performance] [           main] c.e.s.metrics.BenchmarkPageLog           : BENCHMARK_PAGE|reader=ZERO_OFFSET|page=98|positionType=LAST_ID|positionValue=98000|rows=1000|firstId=98001|lastId=99000|durationNanos=4380708
2026-08-13T03:54:02.857+09:00  INFO 57319 --- [settlement-batch-performance] [           main] c.e.s.metrics.BenchmarkPageLog           : BENCHMARK_PAGE|reader=ZERO_OFFSET|page=99|positionType=LAST_ID|positionValue=99000|rows=1000|firstId=99001|lastId=100000|durationNanos=4416791
2026-08-13T03:54:02.862+09:00  INFO 57319 --- [settlement-batch-performance] [           main] c.e.s.metrics.BenchmarkPageLog           : BENCHMARK_PAGE|reader=ZERO_OFFSET|page=100|positionType=LAST_ID|positionValue=100000|rows=0|firstId=|lastId=|durationNanos=1327917
2026-08-13T03:54:02.874+09:00  INFO 57319 --- [settlement-batch-performance] [           main] c.e.s.metrics.BenchmarkRunner            : BENCHMARK_RESULT|benchmarkId=20260813-100k-baseline-01|phase=MEASURED|round=1|sequence=4|reader=ZERO_OFFSET|jobExecutionId=4|status=COMPLETED|jobDurationNanos=881598000|stepDurationNanos=867234000|wallDurationNanos=893875750|readCount=100000|writeCount=100000|skipCount=0|rollbackCount=0|failure=
2026-08-13T03:54:02.896+09:00  INFO 57319 --- [settlement-batch-performance] [           main] c.e.s.metrics.BenchmarkPageLog           : BENCHMARK_PAGE|reader=ZERO_OFFSET|page=0|positionType=LAST_ID|positionValue=INITIAL|rows=1000|firstId=1|lastId=1000|durationNanos=4689292
2026-08-13T03:54:02.904+09:00  INFO 57319 --- [settlement-batch-performance] [           main] c.e.s.metrics.BenchmarkPageLog           : BENCHMARK_PAGE|reader=ZERO_OFFSET|page=1|positionType=LAST_ID|positionValue=1000|rows=1000|firstId=1001|lastId=2000|durationNanos=4441791
2026-08-13T03:54:02.914+09:00  INFO 57319 --- [settlement-batch-performance] [           main] c.e.s.metrics.BenchmarkPageLog           : BENCHMARK_PAGE|reader=ZERO_OFFSET|page=2|positionType=LAST_ID|positionValue=2000|rows=1000|firstId=2001|lastId=3000|durationNanos=5655916
2026-08-13T03:54:02.922+09:00  INFO 57319 --- [settlement-batch-performance] [           main] c.e.s.metrics.BenchmarkPageLog           : BENCHMARK_PAGE|reader=ZERO_OFFSET|page=3|positionType=LAST_ID|positionValue=3000|rows=1000|firstId=3001|lastId=4000|durationNanos=4392583
2026-08-13T03:54:02.930+09:00  INFO 57319 --- [settlement-batch-performance] [           main] c.e.s.metrics.BenchmarkPageLog           : BENCHMARK_PAGE|reader=ZERO_OFFSET|page=4|positionType=LAST_ID|positionValue=4000|rows=1000|firstId=4001|lastId=5000|durationNanos=4816791
2026-08-13T03:54:02.939+09:00  INFO 57319 --- [settlement-batch-performance] [           main] c.e.s.metrics.BenchmarkPageLog           : BENCHMARK_PAGE|reader=ZERO_OFFSET|page=5|positionType=LAST_ID|positionValue=5000|rows=1000|firstId=5001|lastId=6000|durationNanos=5048542
2026-08-13T03:54:02.948+09:00  INFO 57319 --- [settlement-batch-performance] [           main] c.e.s.metrics.BenchmarkPageLog           : BENCHMARK_PAGE|reader=ZERO_OFFSET|page=6|positionType=LAST_ID|positionValue=6000|rows=1000|firstId=6001|lastId=7000|durationNanos=5034000
2026-08-13T03:54:02.956+09:00  INFO 57319 --- [settlement-batch-performance] [           main] c.e.s.metrics.BenchmarkPageLog           : BENCHMARK_PAGE|reader=ZERO_OFFSET|page=7|positionType=LAST_ID|positionValue=7000|rows=1000|firstId=7001|lastId=8000|durationNanos=4430834
2026-08-13T03:54:02.965+09:00  INFO 57319 --- [settlement-batch-performance] [           main] c.e.s.metrics.BenchmarkPageLog           : BENCHMARK_PAGE|reader=ZERO_OFFSET|page=8|positionType=LAST_ID|positionValue=8000|rows=1000|firstId=8001|lastId=9000|durationNanos=4861542
2026-08-13T03:54:02.973+09:00  INFO 57319 --- [settlement-batch-performance] [           main] c.e.s.metrics.BenchmarkPageLog           : BENCHMARK_PAGE|reader=ZERO_OFFSET|page=9|positionType=LAST_ID|positionValue=9000|rows=1000|firstId=9001|lastId=10000|durationNanos=4495042
2026-08-13T03:54:02.981+09:00  INFO 57319 --- [settlement-batch-performance] [           main] c.e.s.metrics.BenchmarkPageLog           : BENCHMARK_PAGE|reader=ZERO_OFFSET|page=10|positionType=LAST_ID|positionValue=10000|rows=1000|firstId=10001|lastId=11000|durationNanos=5240292
2026-08-13T03:54:02.990+09:00  INFO 57319 --- [settlement-batch-performance] [           main] c.e.s.metrics.BenchmarkPageLog           : BENCHMARK_PAGE|reader=ZERO_OFFSET|page=11|positionType=LAST_ID|positionValue=11000|rows=1000|firstId=11001|lastId=12000|durationNanos=4475583
2026-08-13T03:54:02.999+09:00  INFO 57319 --- [settlement-batch-performance] [           main] c.e.s.metrics.BenchmarkPageLog           : BENCHMARK_PAGE|reader=ZERO_OFFSET|page=12|positionType=LAST_ID|positionValue=12000|rows=1000|firstId=12001|lastId=13000|durationNanos=4943583
2026-08-13T03:54:03.007+09:00  INFO 57319 --- [settlement-batch-performance] [           main] c.e.s.metrics.BenchmarkPageLog           : BENCHMARK_PAGE|reader=ZERO_OFFSET|page=13|positionType=LAST_ID|positionValue=13000|rows=1000|firstId=13001|lastId=14000|durationNanos=4494542
2026-08-13T03:54:03.016+09:00  INFO 57319 --- [settlement-batch-performance] [           main] c.e.s.metrics.BenchmarkPageLog           : BENCHMARK_PAGE|reader=ZERO_OFFSET|page=14|positionType=LAST_ID|positionValue=14000|rows=1000|firstId=14001|lastId=15000|durationNanos=4885000
2026-08-13T03:54:03.025+09:00  INFO 57319 --- [settlement-batch-performance] [           main] c.e.s.metrics.BenchmarkPageLog           : BENCHMARK_PAGE|reader=ZERO_OFFSET|page=15|positionType=LAST_ID|positionValue=15000|rows=1000|firstId=15001|lastId=16000|durationNanos=5264250
2026-08-13T03:54:03.034+09:00  INFO 57319 --- [settlement-batch-performance] [           main] c.e.s.metrics.BenchmarkPageLog           : BENCHMARK_PAGE|reader=ZERO_OFFSET|page=16|positionType=LAST_ID|positionValue=16000|rows=1000|firstId=16001|lastId=17000|durationNanos=4625583
2026-08-13T03:54:03.042+09:00  INFO 57319 --- [settlement-batch-performance] [           main] c.e.s.metrics.BenchmarkPageLog           : BENCHMARK_PAGE|reader=ZERO_OFFSET|page=17|positionType=LAST_ID|positionValue=17000|rows=1000|firstId=17001|lastId=18000|durationNanos=4605834
2026-08-13T03:54:03.051+09:00  INFO 57319 --- [settlement-batch-performance] [           main] c.e.s.metrics.BenchmarkPageLog           : BENCHMARK_PAGE|reader=ZERO_OFFSET|page=18|positionType=LAST_ID|positionValue=18000|rows=1000|firstId=18001|lastId=19000|durationNanos=4429250
2026-08-13T03:54:03.059+09:00  INFO 57319 --- [settlement-batch-performance] [           main] c.e.s.metrics.BenchmarkPageLog           : BENCHMARK_PAGE|reader=ZERO_OFFSET|page=19|positionType=LAST_ID|positionValue=19000|rows=1000|firstId=19001|lastId=20000|durationNanos=4448250
2026-08-13T03:54:03.068+09:00  INFO 57319 --- [settlement-batch-performance] [           main] c.e.s.metrics.BenchmarkPageLog           : BENCHMARK_PAGE|reader=ZERO_OFFSET|page=20|positionType=LAST_ID|positionValue=20000|rows=1000|firstId=20001|lastId=21000|durationNanos=4656541
2026-08-13T03:54:03.076+09:00  INFO 57319 --- [settlement-batch-performance] [           main] c.e.s.metrics.BenchmarkPageLog           : BENCHMARK_PAGE|reader=ZERO_OFFSET|page=21|positionType=LAST_ID|positionValue=21000|rows=1000|firstId=21001|lastId=22000|durationNanos=4470667
2026-08-13T03:54:03.084+09:00  INFO 57319 --- [settlement-batch-performance] [           main] c.e.s.metrics.BenchmarkPageLog           : BENCHMARK_PAGE|reader=ZERO_OFFSET|page=22|positionType=LAST_ID|positionValue=22000|rows=1000|firstId=22001|lastId=23000|durationNanos=4597375
2026-08-13T03:54:03.092+09:00  INFO 57319 --- [settlement-batch-performance] [           main] c.e.s.metrics.BenchmarkPageLog           : BENCHMARK_PAGE|reader=ZERO_OFFSET|page=23|positionType=LAST_ID|positionValue=23000|rows=1000|firstId=23001|lastId=24000|durationNanos=4548708
2026-08-13T03:54:03.101+09:00  INFO 57319 --- [settlement-batch-performance] [           main] c.e.s.metrics.BenchmarkPageLog           : BENCHMARK_PAGE|reader=ZERO_OFFSET|page=24|positionType=LAST_ID|positionValue=24000|rows=1000|firstId=24001|lastId=25000|durationNanos=4628791
2026-08-13T03:54:03.109+09:00  INFO 57319 --- [settlement-batch-performance] [           main] c.e.s.metrics.BenchmarkPageLog           : BENCHMARK_PAGE|reader=ZERO_OFFSET|page=25|positionType=LAST_ID|positionValue=25000|rows=1000|firstId=25001|lastId=26000|durationNanos=4477417
2026-08-13T03:54:03.118+09:00  INFO 57319 --- [settlement-batch-performance] [           main] c.e.s.metrics.BenchmarkPageLog           : BENCHMARK_PAGE|reader=ZERO_OFFSET|page=26|positionType=LAST_ID|positionValue=26000|rows=1000|firstId=26001|lastId=27000|durationNanos=4504375
2026-08-13T03:54:03.126+09:00  INFO 57319 --- [settlement-batch-performance] [           main] c.e.s.metrics.BenchmarkPageLog           : BENCHMARK_PAGE|reader=ZERO_OFFSET|page=27|positionType=LAST_ID|positionValue=27000|rows=1000|firstId=27001|lastId=28000|durationNanos=4489542
2026-08-13T03:54:03.135+09:00  INFO 57319 --- [settlement-batch-performance] [           main] c.e.s.metrics.BenchmarkPageLog           : BENCHMARK_PAGE|reader=ZERO_OFFSET|page=28|positionType=LAST_ID|positionValue=28000|rows=1000|firstId=28001|lastId=29000|durationNanos=5065041
2026-08-13T03:54:03.143+09:00  INFO 57319 --- [settlement-batch-performance] [           main] c.e.s.metrics.BenchmarkPageLog           : BENCHMARK_PAGE|reader=ZERO_OFFSET|page=29|positionType=LAST_ID|positionValue=29000|rows=1000|firstId=29001|lastId=30000|durationNanos=4518750
2026-08-13T03:54:03.152+09:00  INFO 57319 --- [settlement-batch-performance] [           main] c.e.s.metrics.BenchmarkPageLog           : BENCHMARK_PAGE|reader=ZERO_OFFSET|page=30|positionType=LAST_ID|positionValue=30000|rows=1000|firstId=30001|lastId=31000|durationNanos=4671750
2026-08-13T03:54:03.160+09:00  INFO 57319 --- [settlement-batch-performance] [           main] c.e.s.metrics.BenchmarkPageLog           : BENCHMARK_PAGE|reader=ZERO_OFFSET|page=31|positionType=LAST_ID|positionValue=31000|rows=1000|firstId=31001|lastId=32000|durationNanos=4555833
2026-08-13T03:54:03.169+09:00  INFO 57319 --- [settlement-batch-performance] [           main] c.e.s.metrics.BenchmarkPageLog           : BENCHMARK_PAGE|reader=ZERO_OFFSET|page=32|positionType=LAST_ID|positionValue=32000|rows=1000|firstId=32001|lastId=33000|durationNanos=4537542
2026-08-13T03:54:03.179+09:00  INFO 57319 --- [settlement-batch-performance] [           main] c.e.s.metrics.BenchmarkPageLog           : BENCHMARK_PAGE|reader=ZERO_OFFSET|page=33|positionType=LAST_ID|positionValue=33000|rows=1000|firstId=33001|lastId=34000|durationNanos=6981875
2026-08-13T03:54:03.187+09:00  INFO 57319 --- [settlement-batch-performance] [           main] c.e.s.metrics.BenchmarkPageLog           : BENCHMARK_PAGE|reader=ZERO_OFFSET|page=34|positionType=LAST_ID|positionValue=34000|rows=1000|firstId=34001|lastId=35000|durationNanos=4470125
2026-08-13T03:54:03.196+09:00  INFO 57319 --- [settlement-batch-performance] [           main] c.e.s.metrics.BenchmarkPageLog           : BENCHMARK_PAGE|reader=ZERO_OFFSET|page=35|positionType=LAST_ID|positionValue=35000|rows=1000|firstId=35001|lastId=36000|durationNanos=5059750
2026-08-13T03:54:03.204+09:00  INFO 57319 --- [settlement-batch-performance] [           main] c.e.s.metrics.BenchmarkPageLog           : BENCHMARK_PAGE|reader=ZERO_OFFSET|page=36|positionType=LAST_ID|positionValue=36000|rows=1000|firstId=36001|lastId=37000|durationNanos=4328291
2026-08-13T03:54:03.212+09:00  INFO 57319 --- [settlement-batch-performance] [           main] c.e.s.metrics.BenchmarkPageLog           : BENCHMARK_PAGE|reader=ZERO_OFFSET|page=37|positionType=LAST_ID|positionValue=37000|rows=1000|firstId=37001|lastId=38000|durationNanos=4449167
2026-08-13T03:54:03.220+09:00  INFO 57319 --- [settlement-batch-performance] [           main] c.e.s.metrics.BenchmarkPageLog           : BENCHMARK_PAGE|reader=ZERO_OFFSET|page=38|positionType=LAST_ID|positionValue=38000|rows=1000|firstId=38001|lastId=39000|durationNanos=4424834
2026-08-13T03:54:03.228+09:00  INFO 57319 --- [settlement-batch-performance] [           main] c.e.s.metrics.BenchmarkPageLog           : BENCHMARK_PAGE|reader=ZERO_OFFSET|page=39|positionType=LAST_ID|positionValue=39000|rows=1000|firstId=39001|lastId=40000|durationNanos=4896166
2026-08-13T03:54:03.236+09:00  INFO 57319 --- [settlement-batch-performance] [           main] c.e.s.metrics.BenchmarkPageLog           : BENCHMARK_PAGE|reader=ZERO_OFFSET|page=40|positionType=LAST_ID|positionValue=40000|rows=1000|firstId=40001|lastId=41000|durationNanos=4395625
2026-08-13T03:54:03.245+09:00  INFO 57319 --- [settlement-batch-performance] [           main] c.e.s.metrics.BenchmarkPageLog           : BENCHMARK_PAGE|reader=ZERO_OFFSET|page=41|positionType=LAST_ID|positionValue=41000|rows=1000|firstId=41001|lastId=42000|durationNanos=4987625
2026-08-13T03:54:03.253+09:00  INFO 57319 --- [settlement-batch-performance] [           main] c.e.s.metrics.BenchmarkPageLog           : BENCHMARK_PAGE|reader=ZERO_OFFSET|page=42|positionType=LAST_ID|positionValue=42000|rows=1000|firstId=42001|lastId=43000|durationNanos=4475416
2026-08-13T03:54:03.262+09:00  INFO 57319 --- [settlement-batch-performance] [           main] c.e.s.metrics.BenchmarkPageLog           : BENCHMARK_PAGE|reader=ZERO_OFFSET|page=43|positionType=LAST_ID|positionValue=43000|rows=1000|firstId=43001|lastId=44000|durationNanos=4783166
2026-08-13T03:54:03.270+09:00  INFO 57319 --- [settlement-batch-performance] [           main] c.e.s.metrics.BenchmarkPageLog           : BENCHMARK_PAGE|reader=ZERO_OFFSET|page=44|positionType=LAST_ID|positionValue=44000|rows=1000|firstId=44001|lastId=45000|durationNanos=4361500
2026-08-13T03:54:03.278+09:00  INFO 57319 --- [settlement-batch-performance] [           main] c.e.s.metrics.BenchmarkPageLog           : BENCHMARK_PAGE|reader=ZERO_OFFSET|page=45|positionType=LAST_ID|positionValue=45000|rows=1000|firstId=45001|lastId=46000|durationNanos=4781250
2026-08-13T03:54:03.286+09:00  INFO 57319 --- [settlement-batch-performance] [           main] c.e.s.metrics.BenchmarkPageLog           : BENCHMARK_PAGE|reader=ZERO_OFFSET|page=46|positionType=LAST_ID|positionValue=46000|rows=1000|firstId=46001|lastId=47000|durationNanos=4461541
2026-08-13T03:54:03.295+09:00  INFO 57319 --- [settlement-batch-performance] [           main] c.e.s.metrics.BenchmarkPageLog           : BENCHMARK_PAGE|reader=ZERO_OFFSET|page=47|positionType=LAST_ID|positionValue=47000|rows=1000|firstId=47001|lastId=48000|durationNanos=4839584
2026-08-13T03:54:03.303+09:00  INFO 57319 --- [settlement-batch-performance] [           main] c.e.s.metrics.BenchmarkPageLog           : BENCHMARK_PAGE|reader=ZERO_OFFSET|page=48|positionType=LAST_ID|positionValue=48000|rows=1000|firstId=48001|lastId=49000|durationNanos=4394708
2026-08-13T03:54:03.311+09:00  INFO 57319 --- [settlement-batch-performance] [           main] c.e.s.metrics.BenchmarkPageLog           : BENCHMARK_PAGE|reader=ZERO_OFFSET|page=49|positionType=LAST_ID|positionValue=49000|rows=1000|firstId=49001|lastId=50000|durationNanos=4771417
2026-08-13T03:54:03.319+09:00  INFO 57319 --- [settlement-batch-performance] [           main] c.e.s.metrics.BenchmarkPageLog           : BENCHMARK_PAGE|reader=ZERO_OFFSET|page=50|positionType=LAST_ID|positionValue=50000|rows=1000|firstId=50001|lastId=51000|durationNanos=4265917
2026-08-13T03:54:03.326+09:00  INFO 57319 --- [settlement-batch-performance] [           main] c.e.s.metrics.BenchmarkPageLog           : BENCHMARK_PAGE|reader=ZERO_OFFSET|page=51|positionType=LAST_ID|positionValue=51000|rows=1000|firstId=51001|lastId=52000|durationNanos=4342625
2026-08-13T03:54:03.335+09:00  INFO 57319 --- [settlement-batch-performance] [           main] c.e.s.metrics.BenchmarkPageLog           : BENCHMARK_PAGE|reader=ZERO_OFFSET|page=52|positionType=LAST_ID|positionValue=52000|rows=1000|firstId=52001|lastId=53000|durationNanos=4550209
2026-08-13T03:54:03.343+09:00  INFO 57319 --- [settlement-batch-performance] [           main] c.e.s.metrics.BenchmarkPageLog           : BENCHMARK_PAGE|reader=ZERO_OFFSET|page=53|positionType=LAST_ID|positionValue=53000|rows=1000|firstId=53001|lastId=54000|durationNanos=5117292
2026-08-13T03:54:03.352+09:00  INFO 57319 --- [settlement-batch-performance] [           main] c.e.s.metrics.BenchmarkPageLog           : BENCHMARK_PAGE|reader=ZERO_OFFSET|page=54|positionType=LAST_ID|positionValue=54000|rows=1000|firstId=54001|lastId=55000|durationNanos=4572459
2026-08-13T03:54:03.360+09:00  INFO 57319 --- [settlement-batch-performance] [           main] c.e.s.metrics.BenchmarkPageLog           : BENCHMARK_PAGE|reader=ZERO_OFFSET|page=55|positionType=LAST_ID|positionValue=55000|rows=1000|firstId=55001|lastId=56000|durationNanos=4473708
2026-08-13T03:54:03.369+09:00  INFO 57319 --- [settlement-batch-performance] [           main] c.e.s.metrics.BenchmarkPageLog           : BENCHMARK_PAGE|reader=ZERO_OFFSET|page=56|positionType=LAST_ID|positionValue=56000|rows=1000|firstId=56001|lastId=57000|durationNanos=4546708
2026-08-13T03:54:03.377+09:00  INFO 57319 --- [settlement-batch-performance] [           main] c.e.s.metrics.BenchmarkPageLog           : BENCHMARK_PAGE|reader=ZERO_OFFSET|page=57|positionType=LAST_ID|positionValue=57000|rows=1000|firstId=57001|lastId=58000|durationNanos=4335666
2026-08-13T03:54:03.385+09:00  INFO 57319 --- [settlement-batch-performance] [           main] c.e.s.metrics.BenchmarkPageLog           : BENCHMARK_PAGE|reader=ZERO_OFFSET|page=58|positionType=LAST_ID|positionValue=58000|rows=1000|firstId=58001|lastId=59000|durationNanos=4381500
2026-08-13T03:54:03.392+09:00  INFO 57319 --- [settlement-batch-performance] [           main] c.e.s.metrics.BenchmarkPageLog           : BENCHMARK_PAGE|reader=ZERO_OFFSET|page=59|positionType=LAST_ID|positionValue=59000|rows=1000|firstId=59001|lastId=60000|durationNanos=4175459
2026-08-13T03:54:03.402+09:00  INFO 57319 --- [settlement-batch-performance] [           main] c.e.s.metrics.BenchmarkPageLog           : BENCHMARK_PAGE|reader=ZERO_OFFSET|page=60|positionType=LAST_ID|positionValue=60000|rows=1000|firstId=60001|lastId=61000|durationNanos=5633208
2026-08-13T03:54:03.410+09:00  INFO 57319 --- [settlement-batch-performance] [           main] c.e.s.metrics.BenchmarkPageLog           : BENCHMARK_PAGE|reader=ZERO_OFFSET|page=61|positionType=LAST_ID|positionValue=61000|rows=1000|firstId=61001|lastId=62000|durationNanos=4336458
2026-08-13T03:54:03.418+09:00  INFO 57319 --- [settlement-batch-performance] [           main] c.e.s.metrics.BenchmarkPageLog           : BENCHMARK_PAGE|reader=ZERO_OFFSET|page=62|positionType=LAST_ID|positionValue=62000|rows=1000|firstId=62001|lastId=63000|durationNanos=4553125
2026-08-13T03:54:03.426+09:00  INFO 57319 --- [settlement-batch-performance] [           main] c.e.s.metrics.BenchmarkPageLog           : BENCHMARK_PAGE|reader=ZERO_OFFSET|page=63|positionType=LAST_ID|positionValue=63000|rows=1000|firstId=63001|lastId=64000|durationNanos=4353375
2026-08-13T03:54:03.434+09:00  INFO 57319 --- [settlement-batch-performance] [           main] c.e.s.metrics.BenchmarkPageLog           : BENCHMARK_PAGE|reader=ZERO_OFFSET|page=64|positionType=LAST_ID|positionValue=64000|rows=1000|firstId=64001|lastId=65000|durationNanos=4497708
2026-08-13T03:54:03.442+09:00  INFO 57319 --- [settlement-batch-performance] [           main] c.e.s.metrics.BenchmarkPageLog           : BENCHMARK_PAGE|reader=ZERO_OFFSET|page=65|positionType=LAST_ID|positionValue=65000|rows=1000|firstId=65001|lastId=66000|durationNanos=4334209
2026-08-13T03:54:03.451+09:00  INFO 57319 --- [settlement-batch-performance] [           main] c.e.s.metrics.BenchmarkPageLog           : BENCHMARK_PAGE|reader=ZERO_OFFSET|page=66|positionType=LAST_ID|positionValue=66000|rows=1000|firstId=66001|lastId=67000|durationNanos=5096792
2026-08-13T03:54:03.459+09:00  INFO 57319 --- [settlement-batch-performance] [           main] c.e.s.metrics.BenchmarkPageLog           : BENCHMARK_PAGE|reader=ZERO_OFFSET|page=67|positionType=LAST_ID|positionValue=67000|rows=1000|firstId=67001|lastId=68000|durationNanos=4406250
2026-08-13T03:54:03.468+09:00  INFO 57319 --- [settlement-batch-performance] [           main] c.e.s.metrics.BenchmarkPageLog           : BENCHMARK_PAGE|reader=ZERO_OFFSET|page=68|positionType=LAST_ID|positionValue=68000|rows=1000|firstId=68001|lastId=69000|durationNanos=4458542
2026-08-13T03:54:03.476+09:00  INFO 57319 --- [settlement-batch-performance] [           main] c.e.s.metrics.BenchmarkPageLog           : BENCHMARK_PAGE|reader=ZERO_OFFSET|page=69|positionType=LAST_ID|positionValue=69000|rows=1000|firstId=69001|lastId=70000|durationNanos=4338291
2026-08-13T03:54:03.484+09:00  INFO 57319 --- [settlement-batch-performance] [           main] c.e.s.metrics.BenchmarkPageLog           : BENCHMARK_PAGE|reader=ZERO_OFFSET|page=70|positionType=LAST_ID|positionValue=70000|rows=1000|firstId=70001|lastId=71000|durationNanos=4443958
2026-08-13T03:54:03.493+09:00  INFO 57319 --- [settlement-batch-performance] [           main] c.e.s.metrics.BenchmarkPageLog           : BENCHMARK_PAGE|reader=ZERO_OFFSET|page=71|positionType=LAST_ID|positionValue=71000|rows=1000|firstId=71001|lastId=72000|durationNanos=4438584
2026-08-13T03:54:03.501+09:00  INFO 57319 --- [settlement-batch-performance] [           main] c.e.s.metrics.BenchmarkPageLog           : BENCHMARK_PAGE|reader=ZERO_OFFSET|page=72|positionType=LAST_ID|positionValue=72000|rows=1000|firstId=72001|lastId=73000|durationNanos=4390875
2026-08-13T03:54:03.509+09:00  INFO 57319 --- [settlement-batch-performance] [           main] c.e.s.metrics.BenchmarkPageLog           : BENCHMARK_PAGE|reader=ZERO_OFFSET|page=73|positionType=LAST_ID|positionValue=73000|rows=1000|firstId=73001|lastId=74000|durationNanos=4332583
2026-08-13T03:54:03.518+09:00  INFO 57319 --- [settlement-batch-performance] [           main] c.e.s.metrics.BenchmarkPageLog           : BENCHMARK_PAGE|reader=ZERO_OFFSET|page=74|positionType=LAST_ID|positionValue=74000|rows=1000|firstId=74001|lastId=75000|durationNanos=4724250
2026-08-13T03:54:03.526+09:00  INFO 57319 --- [settlement-batch-performance] [           main] c.e.s.metrics.BenchmarkPageLog           : BENCHMARK_PAGE|reader=ZERO_OFFSET|page=75|positionType=LAST_ID|positionValue=75000|rows=1000|firstId=75001|lastId=76000|durationNanos=4357000
2026-08-13T03:54:03.535+09:00  INFO 57319 --- [settlement-batch-performance] [           main] c.e.s.metrics.BenchmarkPageLog           : BENCHMARK_PAGE|reader=ZERO_OFFSET|page=76|positionType=LAST_ID|positionValue=76000|rows=1000|firstId=76001|lastId=77000|durationNanos=4386834
2026-08-13T03:54:03.542+09:00  INFO 57319 --- [settlement-batch-performance] [           main] c.e.s.metrics.BenchmarkPageLog           : BENCHMARK_PAGE|reader=ZERO_OFFSET|page=77|positionType=LAST_ID|positionValue=77000|rows=1000|firstId=77001|lastId=78000|durationNanos=4223250
2026-08-13T03:54:03.550+09:00  INFO 57319 --- [settlement-batch-performance] [           main] c.e.s.metrics.BenchmarkPageLog           : BENCHMARK_PAGE|reader=ZERO_OFFSET|page=78|positionType=LAST_ID|positionValue=78000|rows=1000|firstId=78001|lastId=79000|durationNanos=4220625
2026-08-13T03:54:03.558+09:00  INFO 57319 --- [settlement-batch-performance] [           main] c.e.s.metrics.BenchmarkPageLog           : BENCHMARK_PAGE|reader=ZERO_OFFSET|page=79|positionType=LAST_ID|positionValue=79000|rows=1000|firstId=79001|lastId=80000|durationNanos=4735375
2026-08-13T03:54:03.566+09:00  INFO 57319 --- [settlement-batch-performance] [           main] c.e.s.metrics.BenchmarkPageLog           : BENCHMARK_PAGE|reader=ZERO_OFFSET|page=80|positionType=LAST_ID|positionValue=80000|rows=1000|firstId=80001|lastId=81000|durationNanos=4475125
2026-08-13T03:54:03.574+09:00  INFO 57319 --- [settlement-batch-performance] [           main] c.e.s.metrics.BenchmarkPageLog           : BENCHMARK_PAGE|reader=ZERO_OFFSET|page=81|positionType=LAST_ID|positionValue=81000|rows=1000|firstId=81001|lastId=82000|durationNanos=4304083
2026-08-13T03:54:03.582+09:00  INFO 57319 --- [settlement-batch-performance] [           main] c.e.s.metrics.BenchmarkPageLog           : BENCHMARK_PAGE|reader=ZERO_OFFSET|page=82|positionType=LAST_ID|positionValue=82000|rows=1000|firstId=82001|lastId=83000|durationNanos=4478541
2026-08-13T03:54:03.590+09:00  INFO 57319 --- [settlement-batch-performance] [           main] c.e.s.metrics.BenchmarkPageLog           : BENCHMARK_PAGE|reader=ZERO_OFFSET|page=83|positionType=LAST_ID|positionValue=83000|rows=1000|firstId=83001|lastId=84000|durationNanos=4185084
2026-08-13T03:54:03.598+09:00  INFO 57319 --- [settlement-batch-performance] [           main] c.e.s.metrics.BenchmarkPageLog           : BENCHMARK_PAGE|reader=ZERO_OFFSET|page=84|positionType=LAST_ID|positionValue=84000|rows=1000|firstId=84001|lastId=85000|durationNanos=4865875
2026-08-13T03:54:03.606+09:00  INFO 57319 --- [settlement-batch-performance] [           main] c.e.s.metrics.BenchmarkPageLog           : BENCHMARK_PAGE|reader=ZERO_OFFSET|page=85|positionType=LAST_ID|positionValue=85000|rows=1000|firstId=85001|lastId=86000|durationNanos=4237958
2026-08-13T03:54:03.615+09:00  INFO 57319 --- [settlement-batch-performance] [           main] c.e.s.metrics.BenchmarkPageLog           : BENCHMARK_PAGE|reader=ZERO_OFFSET|page=86|positionType=LAST_ID|positionValue=86000|rows=1000|firstId=86001|lastId=87000|durationNanos=5539958
2026-08-13T03:54:03.624+09:00  INFO 57319 --- [settlement-batch-performance] [           main] c.e.s.metrics.BenchmarkPageLog           : BENCHMARK_PAGE|reader=ZERO_OFFSET|page=87|positionType=LAST_ID|positionValue=87000|rows=1000|firstId=87001|lastId=88000|durationNanos=4392000
2026-08-13T03:54:03.632+09:00  INFO 57319 --- [settlement-batch-performance] [           main] c.e.s.metrics.BenchmarkPageLog           : BENCHMARK_PAGE|reader=ZERO_OFFSET|page=88|positionType=LAST_ID|positionValue=88000|rows=1000|firstId=88001|lastId=89000|durationNanos=4656666
2026-08-13T03:54:03.640+09:00  INFO 57319 --- [settlement-batch-performance] [           main] c.e.s.metrics.BenchmarkPageLog           : BENCHMARK_PAGE|reader=ZERO_OFFSET|page=89|positionType=LAST_ID|positionValue=89000|rows=1000|firstId=89001|lastId=90000|durationNanos=4233667
2026-08-13T03:54:03.649+09:00  INFO 57319 --- [settlement-batch-performance] [           main] c.e.s.metrics.BenchmarkPageLog           : BENCHMARK_PAGE|reader=ZERO_OFFSET|page=90|positionType=LAST_ID|positionValue=90000|rows=1000|firstId=90001|lastId=91000|durationNanos=5076125
2026-08-13T03:54:03.657+09:00  INFO 57319 --- [settlement-batch-performance] [           main] c.e.s.metrics.BenchmarkPageLog           : BENCHMARK_PAGE|reader=ZERO_OFFSET|page=91|positionType=LAST_ID|positionValue=91000|rows=1000|firstId=91001|lastId=92000|durationNanos=4259750
2026-08-13T03:54:03.665+09:00  INFO 57319 --- [settlement-batch-performance] [           main] c.e.s.metrics.BenchmarkPageLog           : BENCHMARK_PAGE|reader=ZERO_OFFSET|page=92|positionType=LAST_ID|positionValue=92000|rows=1000|firstId=92001|lastId=93000|durationNanos=5143375
2026-08-13T03:54:03.673+09:00  INFO 57319 --- [settlement-batch-performance] [           main] c.e.s.metrics.BenchmarkPageLog           : BENCHMARK_PAGE|reader=ZERO_OFFSET|page=93|positionType=LAST_ID|positionValue=93000|rows=1000|firstId=93001|lastId=94000|durationNanos=4440875
2026-08-13T03:54:03.682+09:00  INFO 57319 --- [settlement-batch-performance] [           main] c.e.s.metrics.BenchmarkPageLog           : BENCHMARK_PAGE|reader=ZERO_OFFSET|page=94|positionType=LAST_ID|positionValue=94000|rows=1000|firstId=94001|lastId=95000|durationNanos=5014042
2026-08-13T03:54:03.690+09:00  INFO 57319 --- [settlement-batch-performance] [           main] c.e.s.metrics.BenchmarkPageLog           : BENCHMARK_PAGE|reader=ZERO_OFFSET|page=95|positionType=LAST_ID|positionValue=95000|rows=1000|firstId=95001|lastId=96000|durationNanos=4280833
2026-08-13T03:54:03.698+09:00  INFO 57319 --- [settlement-batch-performance] [           main] c.e.s.metrics.BenchmarkPageLog           : BENCHMARK_PAGE|reader=ZERO_OFFSET|page=96|positionType=LAST_ID|positionValue=96000|rows=1000|firstId=96001|lastId=97000|durationNanos=5022458
2026-08-13T03:54:03.706+09:00  INFO 57319 --- [settlement-batch-performance] [           main] c.e.s.metrics.BenchmarkPageLog           : BENCHMARK_PAGE|reader=ZERO_OFFSET|page=97|positionType=LAST_ID|positionValue=97000|rows=1000|firstId=97001|lastId=98000|durationNanos=4319583
2026-08-13T03:54:03.714+09:00  INFO 57319 --- [settlement-batch-performance] [           main] c.e.s.metrics.BenchmarkPageLog           : BENCHMARK_PAGE|reader=ZERO_OFFSET|page=98|positionType=LAST_ID|positionValue=98000|rows=1000|firstId=98001|lastId=99000|durationNanos=4992542
2026-08-13T03:54:03.722+09:00  INFO 57319 --- [settlement-batch-performance] [           main] c.e.s.metrics.BenchmarkPageLog           : BENCHMARK_PAGE|reader=ZERO_OFFSET|page=99|positionType=LAST_ID|positionValue=99000|rows=1000|firstId=99001|lastId=100000|durationNanos=4354625
2026-08-13T03:54:03.727+09:00  INFO 57319 --- [settlement-batch-performance] [           main] c.e.s.metrics.BenchmarkPageLog           : BENCHMARK_PAGE|reader=ZERO_OFFSET|page=100|positionType=LAST_ID|positionValue=100000|rows=0|firstId=|lastId=|durationNanos=1014625
2026-08-13T03:54:03.739+09:00  INFO 57319 --- [settlement-batch-performance] [           main] c.e.s.metrics.BenchmarkRunner            : BENCHMARK_RESULT|benchmarkId=20260813-100k-baseline-01|phase=MEASURED|round=2|sequence=5|reader=ZERO_OFFSET|jobExecutionId=5|status=COMPLETED|jobDurationNanos=852380000|stepDurationNanos=839378000|wallDurationNanos=864765625|readCount=100000|writeCount=100000|skipCount=0|rollbackCount=0|failure=
2026-08-13T03:54:03.761+09:00  INFO 57319 --- [settlement-batch-performance] [           main] c.e.s.metrics.BenchmarkPageLog           : BENCHMARK_PAGE|reader=PAGING|page=0|positionType=OFFSET|positionValue=0|rows=1000|firstId=1|lastId=1000|durationNanos=4721625
2026-08-13T03:54:03.769+09:00  INFO 57319 --- [settlement-batch-performance] [           main] c.e.s.metrics.BenchmarkPageLog           : BENCHMARK_PAGE|reader=PAGING|page=1|positionType=OFFSET|positionValue=1000|rows=1000|firstId=1001|lastId=2000|durationNanos=4598042
2026-08-13T03:54:03.778+09:00  INFO 57319 --- [settlement-batch-performance] [           main] c.e.s.metrics.BenchmarkPageLog           : BENCHMARK_PAGE|reader=PAGING|page=2|positionType=OFFSET|positionValue=2000|rows=1000|firstId=2001|lastId=3000|durationNanos=5368167
2026-08-13T03:54:03.787+09:00  INFO 57319 --- [settlement-batch-performance] [           main] c.e.s.metrics.BenchmarkPageLog           : BENCHMARK_PAGE|reader=PAGING|page=3|positionType=OFFSET|positionValue=3000|rows=1000|firstId=3001|lastId=4000|durationNanos=4890709
2026-08-13T03:54:03.795+09:00  INFO 57319 --- [settlement-batch-performance] [           main] c.e.s.metrics.BenchmarkPageLog           : BENCHMARK_PAGE|reader=PAGING|page=4|positionType=OFFSET|positionValue=4000|rows=1000|firstId=4001|lastId=5000|durationNanos=5732000
2026-08-13T03:54:03.804+09:00  INFO 57319 --- [settlement-batch-performance] [           main] c.e.s.metrics.BenchmarkPageLog           : BENCHMARK_PAGE|reader=PAGING|page=5|positionType=OFFSET|positionValue=5000|rows=1000|firstId=5001|lastId=6000|durationNanos=5158334
2026-08-13T03:54:03.813+09:00  INFO 57319 --- [settlement-batch-performance] [           main] c.e.s.metrics.BenchmarkPageLog           : BENCHMARK_PAGE|reader=PAGING|page=6|positionType=OFFSET|positionValue=6000|rows=1000|firstId=6001|lastId=7000|durationNanos=5985875
2026-08-13T03:54:03.822+09:00  INFO 57319 --- [settlement-batch-performance] [           main] c.e.s.metrics.BenchmarkPageLog           : BENCHMARK_PAGE|reader=PAGING|page=7|positionType=OFFSET|positionValue=7000|rows=1000|firstId=7001|lastId=8000|durationNanos=5234667
2026-08-13T03:54:03.832+09:00  INFO 57319 --- [settlement-batch-performance] [           main] c.e.s.metrics.BenchmarkPageLog           : BENCHMARK_PAGE|reader=PAGING|page=8|positionType=OFFSET|positionValue=8000|rows=1000|firstId=8001|lastId=9000|durationNanos=5983541
2026-08-13T03:54:03.841+09:00  INFO 57319 --- [settlement-batch-performance] [           main] c.e.s.metrics.BenchmarkPageLog           : BENCHMARK_PAGE|reader=PAGING|page=9|positionType=OFFSET|positionValue=9000|rows=1000|firstId=9001|lastId=10000|durationNanos=5446125
2026-08-13T03:54:03.850+09:00  INFO 57319 --- [settlement-batch-performance] [           main] c.e.s.metrics.BenchmarkPageLog           : BENCHMARK_PAGE|reader=PAGING|page=10|positionType=OFFSET|positionValue=10000|rows=1000|firstId=10001|lastId=11000|durationNanos=5796584
2026-08-13T03:54:03.860+09:00  INFO 57319 --- [settlement-batch-performance] [           main] c.e.s.metrics.BenchmarkPageLog           : BENCHMARK_PAGE|reader=PAGING|page=11|positionType=OFFSET|positionValue=11000|rows=1000|firstId=11001|lastId=12000|durationNanos=6549500
2026-08-13T03:54:03.870+09:00  INFO 57319 --- [settlement-batch-performance] [           main] c.e.s.metrics.BenchmarkPageLog           : BENCHMARK_PAGE|reader=PAGING|page=12|positionType=OFFSET|positionValue=12000|rows=1000|firstId=12001|lastId=13000|durationNanos=5904584
2026-08-13T03:54:03.880+09:00  INFO 57319 --- [settlement-batch-performance] [           main] c.e.s.metrics.BenchmarkPageLog           : BENCHMARK_PAGE|reader=PAGING|page=13|positionType=OFFSET|positionValue=13000|rows=1000|firstId=13001|lastId=14000|durationNanos=6413000
2026-08-13T03:54:03.890+09:00  INFO 57319 --- [settlement-batch-performance] [           main] c.e.s.metrics.BenchmarkPageLog           : BENCHMARK_PAGE|reader=PAGING|page=14|positionType=OFFSET|positionValue=14000|rows=1000|firstId=14001|lastId=15000|durationNanos=6088541
2026-08-13T03:54:03.899+09:00  INFO 57319 --- [settlement-batch-performance] [           main] c.e.s.metrics.BenchmarkPageLog           : BENCHMARK_PAGE|reader=PAGING|page=15|positionType=OFFSET|positionValue=15000|rows=1000|firstId=15001|lastId=16000|durationNanos=6481583
2026-08-13T03:54:03.909+09:00  INFO 57319 --- [settlement-batch-performance] [           main] c.e.s.metrics.BenchmarkPageLog           : BENCHMARK_PAGE|reader=PAGING|page=16|positionType=OFFSET|positionValue=16000|rows=1000|firstId=16001|lastId=17000|durationNanos=6148750
2026-08-13T03:54:03.920+09:00  INFO 57319 --- [settlement-batch-performance] [           main] c.e.s.metrics.BenchmarkPageLog           : BENCHMARK_PAGE|reader=PAGING|page=17|positionType=OFFSET|positionValue=17000|rows=1000|firstId=17001|lastId=18000|durationNanos=6954625
2026-08-13T03:54:03.930+09:00  INFO 57319 --- [settlement-batch-performance] [           main] c.e.s.metrics.BenchmarkPageLog           : BENCHMARK_PAGE|reader=PAGING|page=18|positionType=OFFSET|positionValue=18000|rows=1000|firstId=18001|lastId=19000|durationNanos=7076250
2026-08-13T03:54:03.941+09:00  INFO 57319 --- [settlement-batch-performance] [           main] c.e.s.metrics.BenchmarkPageLog           : BENCHMARK_PAGE|reader=PAGING|page=19|positionType=OFFSET|positionValue=19000|rows=1000|firstId=19001|lastId=20000|durationNanos=6430084
2026-08-13T03:54:03.952+09:00  INFO 57319 --- [settlement-batch-performance] [           main] c.e.s.metrics.BenchmarkPageLog           : BENCHMARK_PAGE|reader=PAGING|page=20|positionType=OFFSET|positionValue=20000|rows=1000|firstId=20001|lastId=21000|durationNanos=6844042
2026-08-13T03:54:03.963+09:00  INFO 57319 --- [settlement-batch-performance] [           main] c.e.s.metrics.BenchmarkPageLog           : BENCHMARK_PAGE|reader=PAGING|page=21|positionType=OFFSET|positionValue=21000|rows=1000|firstId=21001|lastId=22000|durationNanos=7485791
2026-08-13T03:54:03.974+09:00  INFO 57319 --- [settlement-batch-performance] [           main] c.e.s.metrics.BenchmarkPageLog           : BENCHMARK_PAGE|reader=PAGING|page=22|positionType=OFFSET|positionValue=22000|rows=1000|firstId=22001|lastId=23000|durationNanos=6763792
2026-08-13T03:54:03.985+09:00  INFO 57319 --- [settlement-batch-performance] [           main] c.e.s.metrics.BenchmarkPageLog           : BENCHMARK_PAGE|reader=PAGING|page=23|positionType=OFFSET|positionValue=23000|rows=1000|firstId=23001|lastId=24000|durationNanos=7726167
2026-08-13T03:54:03.996+09:00  INFO 57319 --- [settlement-batch-performance] [           main] c.e.s.metrics.BenchmarkPageLog           : BENCHMARK_PAGE|reader=PAGING|page=24|positionType=OFFSET|positionValue=24000|rows=1000|firstId=24001|lastId=25000|durationNanos=7639000
2026-08-13T03:54:04.007+09:00  INFO 57319 --- [settlement-batch-performance] [           main] c.e.s.metrics.BenchmarkPageLog           : BENCHMARK_PAGE|reader=PAGING|page=25|positionType=OFFSET|positionValue=25000|rows=1000|firstId=25001|lastId=26000|durationNanos=7054333
2026-08-13T03:54:04.018+09:00  INFO 57319 --- [settlement-batch-performance] [           main] c.e.s.metrics.BenchmarkPageLog           : BENCHMARK_PAGE|reader=PAGING|page=26|positionType=OFFSET|positionValue=26000|rows=1000|firstId=26001|lastId=27000|durationNanos=7695666
2026-08-13T03:54:04.030+09:00  INFO 57319 --- [settlement-batch-performance] [           main] c.e.s.metrics.BenchmarkPageLog           : BENCHMARK_PAGE|reader=PAGING|page=27|positionType=OFFSET|positionValue=27000|rows=1000|firstId=27001|lastId=28000|durationNanos=7859750
2026-08-13T03:54:04.041+09:00  INFO 57319 --- [settlement-batch-performance] [           main] c.e.s.metrics.BenchmarkPageLog           : BENCHMARK_PAGE|reader=PAGING|page=28|positionType=OFFSET|positionValue=28000|rows=1000|firstId=28001|lastId=29000|durationNanos=7393042
2026-08-13T03:54:04.053+09:00  INFO 57319 --- [settlement-batch-performance] [           main] c.e.s.metrics.BenchmarkPageLog           : BENCHMARK_PAGE|reader=PAGING|page=29|positionType=OFFSET|positionValue=29000|rows=1000|firstId=29001|lastId=30000|durationNanos=8194333
2026-08-13T03:54:04.065+09:00  INFO 57319 --- [settlement-batch-performance] [           main] c.e.s.metrics.BenchmarkPageLog           : BENCHMARK_PAGE|reader=PAGING|page=30|positionType=OFFSET|positionValue=30000|rows=1000|firstId=30001|lastId=31000|durationNanos=7991667
2026-08-13T03:54:04.076+09:00  INFO 57319 --- [settlement-batch-performance] [           main] c.e.s.metrics.BenchmarkPageLog           : BENCHMARK_PAGE|reader=PAGING|page=31|positionType=OFFSET|positionValue=31000|rows=1000|firstId=31001|lastId=32000|durationNanos=7698583
2026-08-13T03:54:04.088+09:00  INFO 57319 --- [settlement-batch-performance] [           main] c.e.s.metrics.BenchmarkPageLog           : BENCHMARK_PAGE|reader=PAGING|page=32|positionType=OFFSET|positionValue=32000|rows=1000|firstId=32001|lastId=33000|durationNanos=7717667
2026-08-13T03:54:04.099+09:00  INFO 57319 --- [settlement-batch-performance] [           main] c.e.s.metrics.BenchmarkPageLog           : BENCHMARK_PAGE|reader=PAGING|page=33|positionType=OFFSET|positionValue=33000|rows=1000|firstId=33001|lastId=34000|durationNanos=8211167
2026-08-13T03:54:04.111+09:00  INFO 57319 --- [settlement-batch-performance] [           main] c.e.s.metrics.BenchmarkPageLog           : BENCHMARK_PAGE|reader=PAGING|page=34|positionType=OFFSET|positionValue=34000|rows=1000|firstId=34001|lastId=35000|durationNanos=8337584
2026-08-13T03:54:04.123+09:00  INFO 57319 --- [settlement-batch-performance] [           main] c.e.s.metrics.BenchmarkPageLog           : BENCHMARK_PAGE|reader=PAGING|page=35|positionType=OFFSET|positionValue=35000|rows=1000|firstId=35001|lastId=36000|durationNanos=8028916
2026-08-13T03:54:04.135+09:00  INFO 57319 --- [settlement-batch-performance] [           main] c.e.s.metrics.BenchmarkPageLog           : BENCHMARK_PAGE|reader=PAGING|page=36|positionType=OFFSET|positionValue=36000|rows=1000|firstId=36001|lastId=37000|durationNanos=8688959
2026-08-13T03:54:04.150+09:00  INFO 57319 --- [settlement-batch-performance] [           main] c.e.s.metrics.BenchmarkPageLog           : BENCHMARK_PAGE|reader=PAGING|page=37|positionType=OFFSET|positionValue=37000|rows=1000|firstId=37001|lastId=38000|durationNanos=10613709
2026-08-13T03:54:04.162+09:00  INFO 57319 --- [settlement-batch-performance] [           main] c.e.s.metrics.BenchmarkPageLog           : BENCHMARK_PAGE|reader=PAGING|page=38|positionType=OFFSET|positionValue=38000|rows=1000|firstId=38001|lastId=39000|durationNanos=8704292
2026-08-13T03:54:04.174+09:00  INFO 57319 --- [settlement-batch-performance] [           main] c.e.s.metrics.BenchmarkPageLog           : BENCHMARK_PAGE|reader=PAGING|page=39|positionType=OFFSET|positionValue=39000|rows=1000|firstId=39001|lastId=40000|durationNanos=8663458
2026-08-13T03:54:04.191+09:00  INFO 57319 --- [settlement-batch-performance] [           main] c.e.s.metrics.BenchmarkPageLog           : BENCHMARK_PAGE|reader=PAGING|page=40|positionType=OFFSET|positionValue=40000|rows=1000|firstId=40001|lastId=41000|durationNanos=10637834
2026-08-13T03:54:04.205+09:00  INFO 57319 --- [settlement-batch-performance] [           main] c.e.s.metrics.BenchmarkPageLog           : BENCHMARK_PAGE|reader=PAGING|page=41|positionType=OFFSET|positionValue=41000|rows=1000|firstId=41001|lastId=42000|durationNanos=8557125
2026-08-13T03:54:04.218+09:00  INFO 57319 --- [settlement-batch-performance] [           main] c.e.s.metrics.BenchmarkPageLog           : BENCHMARK_PAGE|reader=PAGING|page=42|positionType=OFFSET|positionValue=42000|rows=1000|firstId=42001|lastId=43000|durationNanos=9231084
2026-08-13T03:54:04.230+09:00  INFO 57319 --- [settlement-batch-performance] [           main] c.e.s.metrics.BenchmarkPageLog           : BENCHMARK_PAGE|reader=PAGING|page=43|positionType=OFFSET|positionValue=43000|rows=1000|firstId=43001|lastId=44000|durationNanos=8978667
2026-08-13T03:54:04.243+09:00  INFO 57319 --- [settlement-batch-performance] [           main] c.e.s.metrics.BenchmarkPageLog           : BENCHMARK_PAGE|reader=PAGING|page=44|positionType=OFFSET|positionValue=44000|rows=1000|firstId=44001|lastId=45000|durationNanos=8608041
2026-08-13T03:54:04.256+09:00  INFO 57319 --- [settlement-batch-performance] [           main] c.e.s.metrics.BenchmarkPageLog           : BENCHMARK_PAGE|reader=PAGING|page=45|positionType=OFFSET|positionValue=45000|rows=1000|firstId=45001|lastId=46000|durationNanos=9061625
2026-08-13T03:54:04.270+09:00  INFO 57319 --- [settlement-batch-performance] [           main] c.e.s.metrics.BenchmarkPageLog           : BENCHMARK_PAGE|reader=PAGING|page=46|positionType=OFFSET|positionValue=46000|rows=1000|firstId=46001|lastId=47000|durationNanos=9429084
2026-08-13T03:54:04.283+09:00  INFO 57319 --- [settlement-batch-performance] [           main] c.e.s.metrics.BenchmarkPageLog           : BENCHMARK_PAGE|reader=PAGING|page=47|positionType=OFFSET|positionValue=47000|rows=1000|firstId=47001|lastId=48000|durationNanos=9250375
2026-08-13T03:54:04.296+09:00  INFO 57319 --- [settlement-batch-performance] [           main] c.e.s.metrics.BenchmarkPageLog           : BENCHMARK_PAGE|reader=PAGING|page=48|positionType=OFFSET|positionValue=48000|rows=1000|firstId=48001|lastId=49000|durationNanos=9497333
2026-08-13T03:54:04.308+09:00  INFO 57319 --- [settlement-batch-performance] [           main] c.e.s.metrics.BenchmarkPageLog           : BENCHMARK_PAGE|reader=PAGING|page=49|positionType=OFFSET|positionValue=49000|rows=1000|firstId=49001|lastId=50000|durationNanos=8779417
2026-08-13T03:54:04.322+09:00  INFO 57319 --- [settlement-batch-performance] [           main] c.e.s.metrics.BenchmarkPageLog           : BENCHMARK_PAGE|reader=PAGING|page=50|positionType=OFFSET|positionValue=50000|rows=1000|firstId=50001|lastId=51000|durationNanos=9036625
2026-08-13T03:54:04.335+09:00  INFO 57319 --- [settlement-batch-performance] [           main] c.e.s.metrics.BenchmarkPageLog           : BENCHMARK_PAGE|reader=PAGING|page=51|positionType=OFFSET|positionValue=51000|rows=1000|firstId=51001|lastId=52000|durationNanos=9578334
2026-08-13T03:54:04.348+09:00  INFO 57319 --- [settlement-batch-performance] [           main] c.e.s.metrics.BenchmarkPageLog           : BENCHMARK_PAGE|reader=PAGING|page=52|positionType=OFFSET|positionValue=52000|rows=1000|firstId=52001|lastId=53000|durationNanos=9754875
2026-08-13T03:54:04.370+09:00  INFO 57319 --- [settlement-batch-performance] [           main] c.e.s.metrics.BenchmarkPageLog           : BENCHMARK_PAGE|reader=PAGING|page=53|positionType=OFFSET|positionValue=53000|rows=1000|firstId=53001|lastId=54000|durationNanos=16687750
2026-08-13T03:54:04.389+09:00  INFO 57319 --- [settlement-batch-performance] [           main] c.e.s.metrics.BenchmarkPageLog           : BENCHMARK_PAGE|reader=PAGING|page=54|positionType=OFFSET|positionValue=54000|rows=1000|firstId=54001|lastId=55000|durationNanos=13390459
2026-08-13T03:54:04.414+09:00  INFO 57319 --- [settlement-batch-performance] [           main] c.e.s.metrics.BenchmarkPageLog           : BENCHMARK_PAGE|reader=PAGING|page=55|positionType=OFFSET|positionValue=55000|rows=1000|firstId=55001|lastId=56000|durationNanos=16271417
2026-08-13T03:54:04.445+09:00  INFO 57319 --- [settlement-batch-performance] [           main] c.e.s.metrics.BenchmarkPageLog           : BENCHMARK_PAGE|reader=PAGING|page=56|positionType=OFFSET|positionValue=56000|rows=1000|firstId=56001|lastId=57000|durationNanos=18619041
2026-08-13T03:54:04.528+09:00  INFO 57319 --- [settlement-batch-performance] [           main] c.e.s.metrics.BenchmarkPageLog           : BENCHMARK_PAGE|reader=PAGING|page=57|positionType=OFFSET|positionValue=57000|rows=1000|firstId=57001|lastId=58000|durationNanos=64228792
2026-08-13T03:54:04.593+09:00  INFO 57319 --- [settlement-batch-performance] [           main] c.e.s.metrics.BenchmarkPageLog           : BENCHMARK_PAGE|reader=PAGING|page=58|positionType=OFFSET|positionValue=58000|rows=1000|firstId=58001|lastId=59000|durationNanos=43175000
2026-08-13T03:54:04.632+09:00  INFO 57319 --- [settlement-batch-performance] [           main] c.e.s.metrics.BenchmarkPageLog           : BENCHMARK_PAGE|reader=PAGING|page=59|positionType=OFFSET|positionValue=59000|rows=1000|firstId=59001|lastId=60000|durationNanos=22950333
2026-08-13T03:54:04.654+09:00  INFO 57319 --- [settlement-batch-performance] [           main] c.e.s.metrics.BenchmarkPageLog           : BENCHMARK_PAGE|reader=PAGING|page=60|positionType=OFFSET|positionValue=60000|rows=1000|firstId=60001|lastId=61000|durationNanos=15729167
2026-08-13T03:54:04.695+09:00  INFO 57319 --- [settlement-batch-performance] [           main] c.e.s.metrics.BenchmarkPageLog           : BENCHMARK_PAGE|reader=PAGING|page=61|positionType=OFFSET|positionValue=61000|rows=1000|firstId=61001|lastId=62000|durationNanos=31966833
2026-08-13T03:54:04.733+09:00  INFO 57319 --- [settlement-batch-performance] [           main] c.e.s.metrics.BenchmarkPageLog           : BENCHMARK_PAGE|reader=PAGING|page=62|positionType=OFFSET|positionValue=62000|rows=1000|firstId=62001|lastId=63000|durationNanos=27524625
2026-08-13T03:54:04.756+09:00  INFO 57319 --- [settlement-batch-performance] [           main] c.e.s.metrics.BenchmarkPageLog           : BENCHMARK_PAGE|reader=PAGING|page=63|positionType=OFFSET|positionValue=63000|rows=1000|firstId=63001|lastId=64000|durationNanos=17983542
2026-08-13T03:54:04.780+09:00  INFO 57319 --- [settlement-batch-performance] [           main] c.e.s.metrics.BenchmarkPageLog           : BENCHMARK_PAGE|reader=PAGING|page=64|positionType=OFFSET|positionValue=64000|rows=1000|firstId=64001|lastId=65000|durationNanos=16095167
2026-08-13T03:54:04.803+09:00  INFO 57319 --- [settlement-batch-performance] [           main] c.e.s.metrics.BenchmarkPageLog           : BENCHMARK_PAGE|reader=PAGING|page=65|positionType=OFFSET|positionValue=65000|rows=1000|firstId=65001|lastId=66000|durationNanos=15598667
2026-08-13T03:54:04.821+09:00  INFO 57319 --- [settlement-batch-performance] [           main] c.e.s.metrics.BenchmarkPageLog           : BENCHMARK_PAGE|reader=PAGING|page=66|positionType=OFFSET|positionValue=66000|rows=1000|firstId=66001|lastId=67000|durationNanos=12708084
2026-08-13T03:54:04.837+09:00  INFO 57319 --- [settlement-batch-performance] [           main] c.e.s.metrics.BenchmarkPageLog           : BENCHMARK_PAGE|reader=PAGING|page=67|positionType=OFFSET|positionValue=67000|rows=1000|firstId=67001|lastId=68000|durationNanos=12245666
2026-08-13T03:54:04.852+09:00  INFO 57319 --- [settlement-batch-performance] [           main] c.e.s.metrics.BenchmarkPageLog           : BENCHMARK_PAGE|reader=PAGING|page=68|positionType=OFFSET|positionValue=68000|rows=1000|firstId=68001|lastId=69000|durationNanos=11303875
2026-08-13T03:54:04.867+09:00  INFO 57319 --- [settlement-batch-performance] [           main] c.e.s.metrics.BenchmarkPageLog           : BENCHMARK_PAGE|reader=PAGING|page=69|positionType=OFFSET|positionValue=69000|rows=1000|firstId=69001|lastId=70000|durationNanos=11617583
2026-08-13T03:54:04.883+09:00  INFO 57319 --- [settlement-batch-performance] [           main] c.e.s.metrics.BenchmarkPageLog           : BENCHMARK_PAGE|reader=PAGING|page=70|positionType=OFFSET|positionValue=70000|rows=1000|firstId=70001|lastId=71000|durationNanos=12049541
2026-08-13T03:54:04.901+09:00  INFO 57319 --- [settlement-batch-performance] [           main] c.e.s.metrics.BenchmarkPageLog           : BENCHMARK_PAGE|reader=PAGING|page=71|positionType=OFFSET|positionValue=71000|rows=1000|firstId=71001|lastId=72000|durationNanos=13862125
2026-08-13T03:54:04.917+09:00  INFO 57319 --- [settlement-batch-performance] [           main] c.e.s.metrics.BenchmarkPageLog           : BENCHMARK_PAGE|reader=PAGING|page=72|positionType=OFFSET|positionValue=72000|rows=1000|firstId=72001|lastId=73000|durationNanos=11740708
2026-08-13T03:54:04.932+09:00  INFO 57319 --- [settlement-batch-performance] [           main] c.e.s.metrics.BenchmarkPageLog           : BENCHMARK_PAGE|reader=PAGING|page=73|positionType=OFFSET|positionValue=73000|rows=1000|firstId=73001|lastId=74000|durationNanos=12088875
2026-08-13T03:54:04.948+09:00  INFO 57319 --- [settlement-batch-performance] [           main] c.e.s.metrics.BenchmarkPageLog           : BENCHMARK_PAGE|reader=PAGING|page=74|positionType=OFFSET|positionValue=74000|rows=1000|firstId=74001|lastId=75000|durationNanos=11864958
2026-08-13T03:54:04.965+09:00  INFO 57319 --- [settlement-batch-performance] [           main] c.e.s.metrics.BenchmarkPageLog           : BENCHMARK_PAGE|reader=PAGING|page=75|positionType=OFFSET|positionValue=75000|rows=1000|firstId=75001|lastId=76000|durationNanos=12417500
2026-08-13T03:54:04.981+09:00  INFO 57319 --- [settlement-batch-performance] [           main] c.e.s.metrics.BenchmarkPageLog           : BENCHMARK_PAGE|reader=PAGING|page=76|positionType=OFFSET|positionValue=76000|rows=1000|firstId=76001|lastId=77000|durationNanos=12134041
2026-08-13T03:54:04.997+09:00  INFO 57319 --- [settlement-batch-performance] [           main] c.e.s.metrics.BenchmarkPageLog           : BENCHMARK_PAGE|reader=PAGING|page=77|positionType=OFFSET|positionValue=77000|rows=1000|firstId=77001|lastId=78000|durationNanos=12148542
2026-08-13T03:54:05.014+09:00  INFO 57319 --- [settlement-batch-performance] [           main] c.e.s.metrics.BenchmarkPageLog           : BENCHMARK_PAGE|reader=PAGING|page=78|positionType=OFFSET|positionValue=78000|rows=1000|firstId=78001|lastId=79000|durationNanos=12687250
2026-08-13T03:54:05.030+09:00  INFO 57319 --- [settlement-batch-performance] [           main] c.e.s.metrics.BenchmarkPageLog           : BENCHMARK_PAGE|reader=PAGING|page=79|positionType=OFFSET|positionValue=79000|rows=1000|firstId=79001|lastId=80000|durationNanos=12607708
2026-08-13T03:54:05.047+09:00  INFO 57319 --- [settlement-batch-performance] [           main] c.e.s.metrics.BenchmarkPageLog           : BENCHMARK_PAGE|reader=PAGING|page=80|positionType=OFFSET|positionValue=80000|rows=1000|firstId=80001|lastId=81000|durationNanos=13312834
2026-08-13T03:54:05.065+09:00  INFO 57319 --- [settlement-batch-performance] [           main] c.e.s.metrics.BenchmarkPageLog           : BENCHMARK_PAGE|reader=PAGING|page=81|positionType=OFFSET|positionValue=81000|rows=1000|firstId=81001|lastId=82000|durationNanos=13703667
2026-08-13T03:54:05.087+09:00  INFO 57319 --- [settlement-batch-performance] [           main] c.e.s.metrics.BenchmarkPageLog           : BENCHMARK_PAGE|reader=PAGING|page=82|positionType=OFFSET|positionValue=82000|rows=1000|firstId=82001|lastId=83000|durationNanos=15176333
2026-08-13T03:54:05.106+09:00  INFO 57319 --- [settlement-batch-performance] [           main] c.e.s.metrics.BenchmarkPageLog           : BENCHMARK_PAGE|reader=PAGING|page=83|positionType=OFFSET|positionValue=83000|rows=1000|firstId=83001|lastId=84000|durationNanos=14829375
2026-08-13T03:54:05.125+09:00  INFO 57319 --- [settlement-batch-performance] [           main] c.e.s.metrics.BenchmarkPageLog           : BENCHMARK_PAGE|reader=PAGING|page=84|positionType=OFFSET|positionValue=84000|rows=1000|firstId=84001|lastId=85000|durationNanos=14813167
2026-08-13T03:54:05.143+09:00  INFO 57319 --- [settlement-batch-performance] [           main] c.e.s.metrics.BenchmarkPageLog           : BENCHMARK_PAGE|reader=PAGING|page=85|positionType=OFFSET|positionValue=85000|rows=1000|firstId=85001|lastId=86000|durationNanos=12976500
2026-08-13T03:54:05.160+09:00  INFO 57319 --- [settlement-batch-performance] [           main] c.e.s.metrics.BenchmarkPageLog           : BENCHMARK_PAGE|reader=PAGING|page=86|positionType=OFFSET|positionValue=86000|rows=1000|firstId=86001|lastId=87000|durationNanos=12575500
2026-08-13T03:54:05.177+09:00  INFO 57319 --- [settlement-batch-performance] [           main] c.e.s.metrics.BenchmarkPageLog           : BENCHMARK_PAGE|reader=PAGING|page=87|positionType=OFFSET|positionValue=87000|rows=1000|firstId=87001|lastId=88000|durationNanos=13274625
2026-08-13T03:54:05.195+09:00  INFO 57319 --- [settlement-batch-performance] [           main] c.e.s.metrics.BenchmarkPageLog           : BENCHMARK_PAGE|reader=PAGING|page=88|positionType=OFFSET|positionValue=88000|rows=1000|firstId=88001|lastId=89000|durationNanos=13630250
2026-08-13T03:54:05.213+09:00  INFO 57319 --- [settlement-batch-performance] [           main] c.e.s.metrics.BenchmarkPageLog           : BENCHMARK_PAGE|reader=PAGING|page=89|positionType=OFFSET|positionValue=89000|rows=1000|firstId=89001|lastId=90000|durationNanos=13967917
2026-08-13T03:54:05.231+09:00  INFO 57319 --- [settlement-batch-performance] [           main] c.e.s.metrics.BenchmarkPageLog           : BENCHMARK_PAGE|reader=PAGING|page=90|positionType=OFFSET|positionValue=90000|rows=1000|firstId=90001|lastId=91000|durationNanos=13185709
2026-08-13T03:54:05.248+09:00  INFO 57319 --- [settlement-batch-performance] [           main] c.e.s.metrics.BenchmarkPageLog           : BENCHMARK_PAGE|reader=PAGING|page=91|positionType=OFFSET|positionValue=91000|rows=1000|firstId=91001|lastId=92000|durationNanos=13900750
2026-08-13T03:54:05.266+09:00  INFO 57319 --- [settlement-batch-performance] [           main] c.e.s.metrics.BenchmarkPageLog           : BENCHMARK_PAGE|reader=PAGING|page=92|positionType=OFFSET|positionValue=92000|rows=1000|firstId=92001|lastId=93000|durationNanos=14152792
2026-08-13T03:54:05.284+09:00  INFO 57319 --- [settlement-batch-performance] [           main] c.e.s.metrics.BenchmarkPageLog           : BENCHMARK_PAGE|reader=PAGING|page=93|positionType=OFFSET|positionValue=93000|rows=1000|firstId=93001|lastId=94000|durationNanos=13455875
2026-08-13T03:54:05.300+09:00  INFO 57319 --- [settlement-batch-performance] [           main] c.e.s.metrics.BenchmarkPageLog           : BENCHMARK_PAGE|reader=PAGING|page=94|positionType=OFFSET|positionValue=94000|rows=1000|firstId=94001|lastId=95000|durationNanos=13137583
2026-08-13T03:54:05.318+09:00  INFO 57319 --- [settlement-batch-performance] [           main] c.e.s.metrics.BenchmarkPageLog           : BENCHMARK_PAGE|reader=PAGING|page=95|positionType=OFFSET|positionValue=95000|rows=1000|firstId=95001|lastId=96000|durationNanos=13979333
2026-08-13T03:54:05.336+09:00  INFO 57319 --- [settlement-batch-performance] [           main] c.e.s.metrics.BenchmarkPageLog           : BENCHMARK_PAGE|reader=PAGING|page=96|positionType=OFFSET|positionValue=96000|rows=1000|firstId=96001|lastId=97000|durationNanos=14174541
2026-08-13T03:54:05.353+09:00  INFO 57319 --- [settlement-batch-performance] [           main] c.e.s.metrics.BenchmarkPageLog           : BENCHMARK_PAGE|reader=PAGING|page=97|positionType=OFFSET|positionValue=97000|rows=1000|firstId=97001|lastId=98000|durationNanos=13662917
2026-08-13T03:54:05.372+09:00  INFO 57319 --- [settlement-batch-performance] [           main] c.e.s.metrics.BenchmarkPageLog           : BENCHMARK_PAGE|reader=PAGING|page=98|positionType=OFFSET|positionValue=98000|rows=1000|firstId=98001|lastId=99000|durationNanos=13777334
2026-08-13T03:54:05.390+09:00  INFO 57319 --- [settlement-batch-performance] [           main] c.e.s.metrics.BenchmarkPageLog           : BENCHMARK_PAGE|reader=PAGING|page=99|positionType=OFFSET|positionValue=99000|rows=1000|firstId=99001|lastId=100000|durationNanos=14118833
2026-08-13T03:54:05.404+09:00  INFO 57319 --- [settlement-batch-performance] [           main] c.e.s.metrics.BenchmarkPageLog           : BENCHMARK_PAGE|reader=PAGING|page=100|positionType=OFFSET|positionValue=100000|rows=0|firstId=|lastId=|durationNanos=10102334
2026-08-13T03:54:05.417+09:00  INFO 57319 --- [settlement-batch-performance] [           main] c.e.s.metrics.BenchmarkRunner            : BENCHMARK_RESULT|benchmarkId=20260813-100k-baseline-01|phase=MEASURED|round=2|sequence=6|reader=PAGING|jobExecutionId=6|status=COMPLETED|jobDurationNanos=1665528000|stepDurationNanos=1651511000|wallDurationNanos=1678351333|readCount=100000|writeCount=100000|skipCount=0|rollbackCount=0|failure=
2026-08-13T03:54:05.442+09:00  INFO 57319 --- [settlement-batch-performance] [           main] c.e.s.metrics.BenchmarkPageLog           : BENCHMARK_PAGE|reader=PAGING|page=0|positionType=OFFSET|positionValue=0|rows=1000|firstId=1|lastId=1000|durationNanos=4505667
2026-08-13T03:54:05.451+09:00  INFO 57319 --- [settlement-batch-performance] [           main] c.e.s.metrics.BenchmarkPageLog           : BENCHMARK_PAGE|reader=PAGING|page=1|positionType=OFFSET|positionValue=1000|rows=1000|firstId=1001|lastId=2000|durationNanos=5040375
2026-08-13T03:54:05.460+09:00  INFO 57319 --- [settlement-batch-performance] [           main] c.e.s.metrics.BenchmarkPageLog           : BENCHMARK_PAGE|reader=PAGING|page=2|positionType=OFFSET|positionValue=2000|rows=1000|firstId=2001|lastId=3000|durationNanos=5159083
2026-08-13T03:54:05.468+09:00  INFO 57319 --- [settlement-batch-performance] [           main] c.e.s.metrics.BenchmarkPageLog           : BENCHMARK_PAGE|reader=PAGING|page=3|positionType=OFFSET|positionValue=3000|rows=1000|firstId=3001|lastId=4000|durationNanos=5152792
2026-08-13T03:54:05.477+09:00  INFO 57319 --- [settlement-batch-performance] [           main] c.e.s.metrics.BenchmarkPageLog           : BENCHMARK_PAGE|reader=PAGING|page=4|positionType=OFFSET|positionValue=4000|rows=1000|firstId=4001|lastId=5000|durationNanos=5457000
2026-08-13T03:54:05.487+09:00  INFO 57319 --- [settlement-batch-performance] [           main] c.e.s.metrics.BenchmarkPageLog           : BENCHMARK_PAGE|reader=PAGING|page=5|positionType=OFFSET|positionValue=5000|rows=1000|firstId=5001|lastId=6000|durationNanos=5742916
2026-08-13T03:54:05.496+09:00  INFO 57319 --- [settlement-batch-performance] [           main] c.e.s.metrics.BenchmarkPageLog           : BENCHMARK_PAGE|reader=PAGING|page=6|positionType=OFFSET|positionValue=6000|rows=1000|firstId=6001|lastId=7000|durationNanos=5703834
2026-08-13T03:54:05.505+09:00  INFO 57319 --- [settlement-batch-performance] [           main] c.e.s.metrics.BenchmarkPageLog           : BENCHMARK_PAGE|reader=PAGING|page=7|positionType=OFFSET|positionValue=7000|rows=1000|firstId=7001|lastId=8000|durationNanos=5321625
2026-08-13T03:54:05.515+09:00  INFO 57319 --- [settlement-batch-performance] [           main] c.e.s.metrics.BenchmarkPageLog           : BENCHMARK_PAGE|reader=PAGING|page=8|positionType=OFFSET|positionValue=8000|rows=1000|firstId=8001|lastId=9000|durationNanos=6048709
2026-08-13T03:54:05.524+09:00  INFO 57319 --- [settlement-batch-performance] [           main] c.e.s.metrics.BenchmarkPageLog           : BENCHMARK_PAGE|reader=PAGING|page=9|positionType=OFFSET|positionValue=9000|rows=1000|firstId=9001|lastId=10000|durationNanos=5503167
2026-08-13T03:54:05.534+09:00  INFO 57319 --- [settlement-batch-performance] [           main] c.e.s.metrics.BenchmarkPageLog           : BENCHMARK_PAGE|reader=PAGING|page=10|positionType=OFFSET|positionValue=10000|rows=1000|firstId=10001|lastId=11000|durationNanos=5755709
2026-08-13T03:54:05.543+09:00  INFO 57319 --- [settlement-batch-performance] [           main] c.e.s.metrics.BenchmarkPageLog           : BENCHMARK_PAGE|reader=PAGING|page=11|positionType=OFFSET|positionValue=11000|rows=1000|firstId=11001|lastId=12000|durationNanos=5911625
2026-08-13T03:54:05.555+09:00  INFO 57319 --- [settlement-batch-performance] [           main] c.e.s.metrics.BenchmarkPageLog           : BENCHMARK_PAGE|reader=PAGING|page=12|positionType=OFFSET|positionValue=12000|rows=1000|firstId=12001|lastId=13000|durationNanos=6576708
2026-08-13T03:54:05.564+09:00  INFO 57319 --- [settlement-batch-performance] [           main] c.e.s.metrics.BenchmarkPageLog           : BENCHMARK_PAGE|reader=PAGING|page=13|positionType=OFFSET|positionValue=13000|rows=1000|firstId=13001|lastId=14000|durationNanos=6254833
2026-08-13T03:54:05.574+09:00  INFO 57319 --- [settlement-batch-performance] [           main] c.e.s.metrics.BenchmarkPageLog           : BENCHMARK_PAGE|reader=PAGING|page=14|positionType=OFFSET|positionValue=14000|rows=1000|firstId=14001|lastId=15000|durationNanos=5836000
2026-08-13T03:54:05.584+09:00  INFO 57319 --- [settlement-batch-performance] [           main] c.e.s.metrics.BenchmarkPageLog           : BENCHMARK_PAGE|reader=PAGING|page=15|positionType=OFFSET|positionValue=15000|rows=1000|firstId=15001|lastId=16000|durationNanos=6026417
2026-08-13T03:54:05.594+09:00  INFO 57319 --- [settlement-batch-performance] [           main] c.e.s.metrics.BenchmarkPageLog           : BENCHMARK_PAGE|reader=PAGING|page=16|positionType=OFFSET|positionValue=16000|rows=1000|firstId=16001|lastId=17000|durationNanos=6065291
2026-08-13T03:54:05.605+09:00  INFO 57319 --- [settlement-batch-performance] [           main] c.e.s.metrics.BenchmarkPageLog           : BENCHMARK_PAGE|reader=PAGING|page=17|positionType=OFFSET|positionValue=17000|rows=1000|firstId=17001|lastId=18000|durationNanos=6861542
2026-08-13T03:54:05.615+09:00  INFO 57319 --- [settlement-batch-performance] [           main] c.e.s.metrics.BenchmarkPageLog           : BENCHMARK_PAGE|reader=PAGING|page=18|positionType=OFFSET|positionValue=18000|rows=1000|firstId=18001|lastId=19000|durationNanos=6737833
2026-08-13T03:54:05.625+09:00  INFO 57319 --- [settlement-batch-performance] [           main] c.e.s.metrics.BenchmarkPageLog           : BENCHMARK_PAGE|reader=PAGING|page=19|positionType=OFFSET|positionValue=19000|rows=1000|firstId=19001|lastId=20000|durationNanos=6401084
2026-08-13T03:54:05.636+09:00  INFO 57319 --- [settlement-batch-performance] [           main] c.e.s.metrics.BenchmarkPageLog           : BENCHMARK_PAGE|reader=PAGING|page=20|positionType=OFFSET|positionValue=20000|rows=1000|firstId=20001|lastId=21000|durationNanos=6841791
2026-08-13T03:54:05.646+09:00  INFO 57319 --- [settlement-batch-performance] [           main] c.e.s.metrics.BenchmarkPageLog           : BENCHMARK_PAGE|reader=PAGING|page=21|positionType=OFFSET|positionValue=21000|rows=1000|firstId=21001|lastId=22000|durationNanos=7168375
2026-08-13T03:54:05.657+09:00  INFO 57319 --- [settlement-batch-performance] [           main] c.e.s.metrics.BenchmarkPageLog           : BENCHMARK_PAGE|reader=PAGING|page=22|positionType=OFFSET|positionValue=22000|rows=1000|firstId=22001|lastId=23000|durationNanos=6738875
2026-08-13T03:54:05.668+09:00  INFO 57319 --- [settlement-batch-performance] [           main] c.e.s.metrics.BenchmarkPageLog           : BENCHMARK_PAGE|reader=PAGING|page=23|positionType=OFFSET|positionValue=23000|rows=1000|firstId=23001|lastId=24000|durationNanos=7315791
2026-08-13T03:54:05.678+09:00  INFO 57319 --- [settlement-batch-performance] [           main] c.e.s.metrics.BenchmarkPageLog           : BENCHMARK_PAGE|reader=PAGING|page=24|positionType=OFFSET|positionValue=24000|rows=1000|firstId=24001|lastId=25000|durationNanos=7348208
2026-08-13T03:54:05.689+09:00  INFO 57319 --- [settlement-batch-performance] [           main] c.e.s.metrics.BenchmarkPageLog           : BENCHMARK_PAGE|reader=PAGING|page=25|positionType=OFFSET|positionValue=25000|rows=1000|firstId=25001|lastId=26000|durationNanos=6924917
2026-08-13T03:54:05.700+09:00  INFO 57319 --- [settlement-batch-performance] [           main] c.e.s.metrics.BenchmarkPageLog           : BENCHMARK_PAGE|reader=PAGING|page=26|positionType=OFFSET|positionValue=26000|rows=1000|firstId=26001|lastId=27000|durationNanos=7322166
2026-08-13T03:54:05.712+09:00  INFO 57319 --- [settlement-batch-performance] [           main] c.e.s.metrics.BenchmarkPageLog           : BENCHMARK_PAGE|reader=PAGING|page=27|positionType=OFFSET|positionValue=27000|rows=1000|firstId=27001|lastId=28000|durationNanos=7709291
2026-08-13T03:54:05.726+09:00  INFO 57319 --- [settlement-batch-performance] [           main] c.e.s.metrics.BenchmarkPageLog           : BENCHMARK_PAGE|reader=PAGING|page=28|positionType=OFFSET|positionValue=28000|rows=1000|firstId=28001|lastId=29000|durationNanos=7313834
2026-08-13T03:54:05.737+09:00  INFO 57319 --- [settlement-batch-performance] [           main] c.e.s.metrics.BenchmarkPageLog           : BENCHMARK_PAGE|reader=PAGING|page=29|positionType=OFFSET|positionValue=29000|rows=1000|firstId=29001|lastId=30000|durationNanos=7369792
2026-08-13T03:54:05.749+09:00  INFO 57319 --- [settlement-batch-performance] [           main] c.e.s.metrics.BenchmarkPageLog           : BENCHMARK_PAGE|reader=PAGING|page=30|positionType=OFFSET|positionValue=30000|rows=1000|firstId=30001|lastId=31000|durationNanos=8336500
2026-08-13T03:54:05.760+09:00  INFO 57319 --- [settlement-batch-performance] [           main] c.e.s.metrics.BenchmarkPageLog           : BENCHMARK_PAGE|reader=PAGING|page=31|positionType=OFFSET|positionValue=31000|rows=1000|firstId=31001|lastId=32000|durationNanos=7409208
2026-08-13T03:54:05.772+09:00  INFO 57319 --- [settlement-batch-performance] [           main] c.e.s.metrics.BenchmarkPageLog           : BENCHMARK_PAGE|reader=PAGING|page=32|positionType=OFFSET|positionValue=32000|rows=1000|firstId=32001|lastId=33000|durationNanos=7654209
2026-08-13T03:54:05.783+09:00  INFO 57319 --- [settlement-batch-performance] [           main] c.e.s.metrics.BenchmarkPageLog           : BENCHMARK_PAGE|reader=PAGING|page=33|positionType=OFFSET|positionValue=33000|rows=1000|firstId=33001|lastId=34000|durationNanos=8164000
2026-08-13T03:54:05.796+09:00  INFO 57319 --- [settlement-batch-performance] [           main] c.e.s.metrics.BenchmarkPageLog           : BENCHMARK_PAGE|reader=PAGING|page=34|positionType=OFFSET|positionValue=34000|rows=1000|firstId=34001|lastId=35000|durationNanos=8305542
2026-08-13T03:54:05.808+09:00  INFO 57319 --- [settlement-batch-performance] [           main] c.e.s.metrics.BenchmarkPageLog           : BENCHMARK_PAGE|reader=PAGING|page=35|positionType=OFFSET|positionValue=35000|rows=1000|firstId=35001|lastId=36000|durationNanos=7664417
2026-08-13T03:54:05.820+09:00  INFO 57319 --- [settlement-batch-performance] [           main] c.e.s.metrics.BenchmarkPageLog           : BENCHMARK_PAGE|reader=PAGING|page=36|positionType=OFFSET|positionValue=36000|rows=1000|firstId=36001|lastId=37000|durationNanos=7989083
2026-08-13T03:54:05.832+09:00  INFO 57319 --- [settlement-batch-performance] [           main] c.e.s.metrics.BenchmarkPageLog           : BENCHMARK_PAGE|reader=PAGING|page=37|positionType=OFFSET|positionValue=37000|rows=1000|firstId=37001|lastId=38000|durationNanos=8540208
2026-08-13T03:54:05.845+09:00  INFO 57319 --- [settlement-batch-performance] [           main] c.e.s.metrics.BenchmarkPageLog           : BENCHMARK_PAGE|reader=PAGING|page=38|positionType=OFFSET|positionValue=38000|rows=1000|firstId=38001|lastId=39000|durationNanos=8436375
2026-08-13T03:54:05.857+09:00  INFO 57319 --- [settlement-batch-performance] [           main] c.e.s.metrics.BenchmarkPageLog           : BENCHMARK_PAGE|reader=PAGING|page=39|positionType=OFFSET|positionValue=39000|rows=1000|firstId=39001|lastId=40000|durationNanos=7900625
2026-08-13T03:54:05.869+09:00  INFO 57319 --- [settlement-batch-performance] [           main] c.e.s.metrics.BenchmarkPageLog           : BENCHMARK_PAGE|reader=PAGING|page=40|positionType=OFFSET|positionValue=40000|rows=1000|firstId=40001|lastId=41000|durationNanos=8043583
2026-08-13T03:54:05.881+09:00  INFO 57319 --- [settlement-batch-performance] [           main] c.e.s.metrics.BenchmarkPageLog           : BENCHMARK_PAGE|reader=PAGING|page=41|positionType=OFFSET|positionValue=41000|rows=1000|firstId=41001|lastId=42000|durationNanos=8546750
2026-08-13T03:54:05.892+09:00  INFO 57319 --- [settlement-batch-performance] [           main] c.e.s.metrics.BenchmarkPageLog           : BENCHMARK_PAGE|reader=PAGING|page=42|positionType=OFFSET|positionValue=42000|rows=1000|firstId=42001|lastId=43000|durationNanos=7791791
2026-08-13T03:54:05.905+09:00  INFO 57319 --- [settlement-batch-performance] [           main] c.e.s.metrics.BenchmarkPageLog           : BENCHMARK_PAGE|reader=PAGING|page=43|positionType=OFFSET|positionValue=43000|rows=1000|firstId=43001|lastId=44000|durationNanos=8018875
2026-08-13T03:54:05.917+09:00  INFO 57319 --- [settlement-batch-performance] [           main] c.e.s.metrics.BenchmarkPageLog           : BENCHMARK_PAGE|reader=PAGING|page=44|positionType=OFFSET|positionValue=44000|rows=1000|firstId=44001|lastId=45000|durationNanos=8480084
2026-08-13T03:54:05.929+09:00  INFO 57319 --- [settlement-batch-performance] [           main] c.e.s.metrics.BenchmarkPageLog           : BENCHMARK_PAGE|reader=PAGING|page=45|positionType=OFFSET|positionValue=45000|rows=1000|firstId=45001|lastId=46000|durationNanos=8337083
2026-08-13T03:54:05.941+09:00  INFO 57319 --- [settlement-batch-performance] [           main] c.e.s.metrics.BenchmarkPageLog           : BENCHMARK_PAGE|reader=PAGING|page=46|positionType=OFFSET|positionValue=46000|rows=1000|firstId=46001|lastId=47000|durationNanos=8167958
2026-08-13T03:54:05.953+09:00  INFO 57319 --- [settlement-batch-performance] [           main] c.e.s.metrics.BenchmarkPageLog           : BENCHMARK_PAGE|reader=PAGING|page=47|positionType=OFFSET|positionValue=47000|rows=1000|firstId=47001|lastId=48000|durationNanos=8658958
2026-08-13T03:54:05.966+09:00  INFO 57319 --- [settlement-batch-performance] [           main] c.e.s.metrics.BenchmarkPageLog           : BENCHMARK_PAGE|reader=PAGING|page=48|positionType=OFFSET|positionValue=48000|rows=1000|firstId=48001|lastId=49000|durationNanos=8803250
2026-08-13T03:54:05.978+09:00  INFO 57319 --- [settlement-batch-performance] [           main] c.e.s.metrics.BenchmarkPageLog           : BENCHMARK_PAGE|reader=PAGING|page=49|positionType=OFFSET|positionValue=49000|rows=1000|firstId=49001|lastId=50000|durationNanos=8804250
2026-08-13T03:54:05.991+09:00  INFO 57319 --- [settlement-batch-performance] [           main] c.e.s.metrics.BenchmarkPageLog           : BENCHMARK_PAGE|reader=PAGING|page=50|positionType=OFFSET|positionValue=50000|rows=1000|firstId=50001|lastId=51000|durationNanos=8794166
2026-08-13T03:54:06.004+09:00  INFO 57319 --- [settlement-batch-performance] [           main] c.e.s.metrics.BenchmarkPageLog           : BENCHMARK_PAGE|reader=PAGING|page=51|positionType=OFFSET|positionValue=51000|rows=1000|firstId=51001|lastId=52000|durationNanos=8832958
2026-08-13T03:54:06.016+09:00  INFO 57319 --- [settlement-batch-performance] [           main] c.e.s.metrics.BenchmarkPageLog           : BENCHMARK_PAGE|reader=PAGING|page=52|positionType=OFFSET|positionValue=52000|rows=1000|firstId=52001|lastId=53000|durationNanos=9271500
2026-08-13T03:54:06.029+09:00  INFO 57319 --- [settlement-batch-performance] [           main] c.e.s.metrics.BenchmarkPageLog           : BENCHMARK_PAGE|reader=PAGING|page=53|positionType=OFFSET|positionValue=53000|rows=1000|firstId=53001|lastId=54000|durationNanos=9283500
2026-08-13T03:54:06.042+09:00  INFO 57319 --- [settlement-batch-performance] [           main] c.e.s.metrics.BenchmarkPageLog           : BENCHMARK_PAGE|reader=PAGING|page=54|positionType=OFFSET|positionValue=54000|rows=1000|firstId=54001|lastId=55000|durationNanos=8922625
2026-08-13T03:54:06.056+09:00  INFO 57319 --- [settlement-batch-performance] [           main] c.e.s.metrics.BenchmarkPageLog           : BENCHMARK_PAGE|reader=PAGING|page=55|positionType=OFFSET|positionValue=55000|rows=1000|firstId=55001|lastId=56000|durationNanos=9379000
2026-08-13T03:54:06.068+09:00  INFO 57319 --- [settlement-batch-performance] [           main] c.e.s.metrics.BenchmarkPageLog           : BENCHMARK_PAGE|reader=PAGING|page=56|positionType=OFFSET|positionValue=56000|rows=1000|firstId=56001|lastId=57000|durationNanos=9338666
2026-08-13T03:54:06.082+09:00  INFO 57319 --- [settlement-batch-performance] [           main] c.e.s.metrics.BenchmarkPageLog           : BENCHMARK_PAGE|reader=PAGING|page=57|positionType=OFFSET|positionValue=57000|rows=1000|firstId=57001|lastId=58000|durationNanos=9502500
2026-08-13T03:54:06.094+09:00  INFO 57319 --- [settlement-batch-performance] [           main] c.e.s.metrics.BenchmarkPageLog           : BENCHMARK_PAGE|reader=PAGING|page=58|positionType=OFFSET|positionValue=58000|rows=1000|firstId=58001|lastId=59000|durationNanos=9100333
2026-08-13T03:54:06.108+09:00  INFO 57319 --- [settlement-batch-performance] [           main] c.e.s.metrics.BenchmarkPageLog           : BENCHMARK_PAGE|reader=PAGING|page=59|positionType=OFFSET|positionValue=59000|rows=1000|firstId=59001|lastId=60000|durationNanos=9543750
2026-08-13T03:54:06.121+09:00  INFO 57319 --- [settlement-batch-performance] [           main] c.e.s.metrics.BenchmarkPageLog           : BENCHMARK_PAGE|reader=PAGING|page=60|positionType=OFFSET|positionValue=60000|rows=1000|firstId=60001|lastId=61000|durationNanos=9425000
2026-08-13T03:54:06.134+09:00  INFO 57319 --- [settlement-batch-performance] [           main] c.e.s.metrics.BenchmarkPageLog           : BENCHMARK_PAGE|reader=PAGING|page=61|positionType=OFFSET|positionValue=61000|rows=1000|firstId=61001|lastId=62000|durationNanos=9927042
2026-08-13T03:54:06.149+09:00  INFO 57319 --- [settlement-batch-performance] [           main] c.e.s.metrics.BenchmarkPageLog           : BENCHMARK_PAGE|reader=PAGING|page=62|positionType=OFFSET|positionValue=62000|rows=1000|firstId=62001|lastId=63000|durationNanos=10617792
2026-08-13T03:54:06.162+09:00  INFO 57319 --- [settlement-batch-performance] [           main] c.e.s.metrics.BenchmarkPageLog           : BENCHMARK_PAGE|reader=PAGING|page=63|positionType=OFFSET|positionValue=63000|rows=1000|firstId=63001|lastId=64000|durationNanos=10147750
2026-08-13T03:54:06.176+09:00  INFO 57319 --- [settlement-batch-performance] [           main] c.e.s.metrics.BenchmarkPageLog           : BENCHMARK_PAGE|reader=PAGING|page=64|positionType=OFFSET|positionValue=64000|rows=1000|firstId=64001|lastId=65000|durationNanos=10001167
2026-08-13T03:54:06.190+09:00  INFO 57319 --- [settlement-batch-performance] [           main] c.e.s.metrics.BenchmarkPageLog           : BENCHMARK_PAGE|reader=PAGING|page=65|positionType=OFFSET|positionValue=65000|rows=1000|firstId=65001|lastId=66000|durationNanos=9865958
2026-08-13T03:54:06.204+09:00  INFO 57319 --- [settlement-batch-performance] [           main] c.e.s.metrics.BenchmarkPageLog           : BENCHMARK_PAGE|reader=PAGING|page=66|positionType=OFFSET|positionValue=66000|rows=1000|firstId=66001|lastId=67000|durationNanos=10294042
2026-08-13T03:54:06.219+09:00  INFO 57319 --- [settlement-batch-performance] [           main] c.e.s.metrics.BenchmarkPageLog           : BENCHMARK_PAGE|reader=PAGING|page=67|positionType=OFFSET|positionValue=67000|rows=1000|firstId=67001|lastId=68000|durationNanos=11345292
2026-08-13T03:54:06.233+09:00  INFO 57319 --- [settlement-batch-performance] [           main] c.e.s.metrics.BenchmarkPageLog           : BENCHMARK_PAGE|reader=PAGING|page=68|positionType=OFFSET|positionValue=68000|rows=1000|firstId=68001|lastId=69000|durationNanos=10613542
2026-08-13T03:54:06.247+09:00  INFO 57319 --- [settlement-batch-performance] [           main] c.e.s.metrics.BenchmarkPageLog           : BENCHMARK_PAGE|reader=PAGING|page=69|positionType=OFFSET|positionValue=69000|rows=1000|firstId=69001|lastId=70000|durationNanos=10256000
2026-08-13T03:54:06.261+09:00  INFO 57319 --- [settlement-batch-performance] [           main] c.e.s.metrics.BenchmarkPageLog           : BENCHMARK_PAGE|reader=PAGING|page=70|positionType=OFFSET|positionValue=70000|rows=1000|firstId=70001|lastId=71000|durationNanos=10529917
2026-08-13T03:54:06.275+09:00  INFO 57319 --- [settlement-batch-performance] [           main] c.e.s.metrics.BenchmarkPageLog           : BENCHMARK_PAGE|reader=PAGING|page=71|positionType=OFFSET|positionValue=71000|rows=1000|firstId=71001|lastId=72000|durationNanos=10203333
2026-08-13T03:54:06.290+09:00  INFO 57319 --- [settlement-batch-performance] [           main] c.e.s.metrics.BenchmarkPageLog           : BENCHMARK_PAGE|reader=PAGING|page=72|positionType=OFFSET|positionValue=72000|rows=1000|firstId=72001|lastId=73000|durationNanos=10311583
2026-08-13T03:54:06.304+09:00  INFO 57319 --- [settlement-batch-performance] [           main] c.e.s.metrics.BenchmarkPageLog           : BENCHMARK_PAGE|reader=PAGING|page=73|positionType=OFFSET|positionValue=73000|rows=1000|firstId=73001|lastId=74000|durationNanos=10656417
2026-08-13T03:54:06.319+09:00  INFO 57319 --- [settlement-batch-performance] [           main] c.e.s.metrics.BenchmarkPageLog           : BENCHMARK_PAGE|reader=PAGING|page=74|positionType=OFFSET|positionValue=74000|rows=1000|firstId=74001|lastId=75000|durationNanos=10958208
2026-08-13T03:54:06.334+09:00  INFO 57319 --- [settlement-batch-performance] [           main] c.e.s.metrics.BenchmarkPageLog           : BENCHMARK_PAGE|reader=PAGING|page=75|positionType=OFFSET|positionValue=75000|rows=1000|firstId=75001|lastId=76000|durationNanos=11520125
2026-08-13T03:54:06.349+09:00  INFO 57319 --- [settlement-batch-performance] [           main] c.e.s.metrics.BenchmarkPageLog           : BENCHMARK_PAGE|reader=PAGING|page=76|positionType=OFFSET|positionValue=76000|rows=1000|firstId=76001|lastId=77000|durationNanos=11417917
2026-08-13T03:54:06.363+09:00  INFO 57319 --- [settlement-batch-performance] [           main] c.e.s.metrics.BenchmarkPageLog           : BENCHMARK_PAGE|reader=PAGING|page=77|positionType=OFFSET|positionValue=77000|rows=1000|firstId=77001|lastId=78000|durationNanos=10758958
2026-08-13T03:54:06.379+09:00  INFO 57319 --- [settlement-batch-performance] [           main] c.e.s.metrics.BenchmarkPageLog           : BENCHMARK_PAGE|reader=PAGING|page=78|positionType=OFFSET|positionValue=78000|rows=1000|firstId=78001|lastId=79000|durationNanos=11347125
2026-08-13T03:54:06.395+09:00  INFO 57319 --- [settlement-batch-performance] [           main] c.e.s.metrics.BenchmarkPageLog           : BENCHMARK_PAGE|reader=PAGING|page=79|positionType=OFFSET|positionValue=79000|rows=1000|firstId=79001|lastId=80000|durationNanos=11566833
2026-08-13T03:54:06.410+09:00  INFO 57319 --- [settlement-batch-performance] [           main] c.e.s.metrics.BenchmarkPageLog           : BENCHMARK_PAGE|reader=PAGING|page=80|positionType=OFFSET|positionValue=80000|rows=1000|firstId=80001|lastId=81000|durationNanos=11679958
2026-08-13T03:54:06.425+09:00  INFO 57319 --- [settlement-batch-performance] [           main] c.e.s.metrics.BenchmarkPageLog           : BENCHMARK_PAGE|reader=PAGING|page=81|positionType=OFFSET|positionValue=81000|rows=1000|firstId=81001|lastId=82000|durationNanos=11437291
2026-08-13T03:54:06.441+09:00  INFO 57319 --- [settlement-batch-performance] [           main] c.e.s.metrics.BenchmarkPageLog           : BENCHMARK_PAGE|reader=PAGING|page=82|positionType=OFFSET|positionValue=82000|rows=1000|firstId=82001|lastId=83000|durationNanos=11475209
2026-08-13T03:54:06.457+09:00  INFO 57319 --- [settlement-batch-performance] [           main] c.e.s.metrics.BenchmarkPageLog           : BENCHMARK_PAGE|reader=PAGING|page=83|positionType=OFFSET|positionValue=83000|rows=1000|firstId=83001|lastId=84000|durationNanos=11772166
2026-08-13T03:54:06.474+09:00  INFO 57319 --- [settlement-batch-performance] [           main] c.e.s.metrics.BenchmarkPageLog           : BENCHMARK_PAGE|reader=PAGING|page=84|positionType=OFFSET|positionValue=84000|rows=1000|firstId=84001|lastId=85000|durationNanos=13372042
2026-08-13T03:54:06.491+09:00  INFO 57319 --- [settlement-batch-performance] [           main] c.e.s.metrics.BenchmarkPageLog           : BENCHMARK_PAGE|reader=PAGING|page=85|positionType=OFFSET|positionValue=85000|rows=1000|firstId=85001|lastId=86000|durationNanos=11889625
2026-08-13T03:54:06.507+09:00  INFO 57319 --- [settlement-batch-performance] [           main] c.e.s.metrics.BenchmarkPageLog           : BENCHMARK_PAGE|reader=PAGING|page=86|positionType=OFFSET|positionValue=86000|rows=1000|firstId=86001|lastId=87000|durationNanos=11760292
2026-08-13T03:54:06.523+09:00  INFO 57319 --- [settlement-batch-performance] [           main] c.e.s.metrics.BenchmarkPageLog           : BENCHMARK_PAGE|reader=PAGING|page=87|positionType=OFFSET|positionValue=87000|rows=1000|firstId=87001|lastId=88000|durationNanos=12739583
2026-08-13T03:54:06.539+09:00  INFO 57319 --- [settlement-batch-performance] [           main] c.e.s.metrics.BenchmarkPageLog           : BENCHMARK_PAGE|reader=PAGING|page=88|positionType=OFFSET|positionValue=88000|rows=1000|firstId=88001|lastId=89000|durationNanos=12443708
2026-08-13T03:54:06.557+09:00  INFO 57319 --- [settlement-batch-performance] [           main] c.e.s.metrics.BenchmarkPageLog           : BENCHMARK_PAGE|reader=PAGING|page=89|positionType=OFFSET|positionValue=89000|rows=1000|firstId=89001|lastId=90000|durationNanos=12537708
2026-08-13T03:54:06.573+09:00  INFO 57319 --- [settlement-batch-performance] [           main] c.e.s.metrics.BenchmarkPageLog           : BENCHMARK_PAGE|reader=PAGING|page=90|positionType=OFFSET|positionValue=90000|rows=1000|firstId=90001|lastId=91000|durationNanos=11699000
2026-08-13T03:54:06.589+09:00  INFO 57319 --- [settlement-batch-performance] [           main] c.e.s.metrics.BenchmarkPageLog           : BENCHMARK_PAGE|reader=PAGING|page=91|positionType=OFFSET|positionValue=91000|rows=1000|firstId=91001|lastId=92000|durationNanos=12331084
2026-08-13T03:54:06.605+09:00  INFO 57319 --- [settlement-batch-performance] [           main] c.e.s.metrics.BenchmarkPageLog           : BENCHMARK_PAGE|reader=PAGING|page=92|positionType=OFFSET|positionValue=92000|rows=1000|firstId=92001|lastId=93000|durationNanos=12117875
2026-08-13T03:54:06.622+09:00  INFO 57319 --- [settlement-batch-performance] [           main] c.e.s.metrics.BenchmarkPageLog           : BENCHMARK_PAGE|reader=PAGING|page=93|positionType=OFFSET|positionValue=93000|rows=1000|firstId=93001|lastId=94000|durationNanos=12911959
2026-08-13T03:54:06.638+09:00  INFO 57319 --- [settlement-batch-performance] [           main] c.e.s.metrics.BenchmarkPageLog           : BENCHMARK_PAGE|reader=PAGING|page=94|positionType=OFFSET|positionValue=94000|rows=1000|firstId=94001|lastId=95000|durationNanos=12498458
2026-08-13T03:54:06.654+09:00  INFO 57319 --- [settlement-batch-performance] [           main] c.e.s.metrics.BenchmarkPageLog           : BENCHMARK_PAGE|reader=PAGING|page=95|positionType=OFFSET|positionValue=95000|rows=1000|firstId=95001|lastId=96000|durationNanos=12907500
2026-08-13T03:54:06.671+09:00  INFO 57319 --- [settlement-batch-performance] [           main] c.e.s.metrics.BenchmarkPageLog           : BENCHMARK_PAGE|reader=PAGING|page=96|positionType=OFFSET|positionValue=96000|rows=1000|firstId=96001|lastId=97000|durationNanos=13437708
2026-08-13T03:54:06.688+09:00  INFO 57319 --- [settlement-batch-performance] [           main] c.e.s.metrics.BenchmarkPageLog           : BENCHMARK_PAGE|reader=PAGING|page=97|positionType=OFFSET|positionValue=97000|rows=1000|firstId=97001|lastId=98000|durationNanos=12599875
2026-08-13T03:54:06.704+09:00  INFO 57319 --- [settlement-batch-performance] [           main] c.e.s.metrics.BenchmarkPageLog           : BENCHMARK_PAGE|reader=PAGING|page=98|positionType=OFFSET|positionValue=98000|rows=1000|firstId=98001|lastId=99000|durationNanos=12742792
2026-08-13T03:54:06.721+09:00  INFO 57319 --- [settlement-batch-performance] [           main] c.e.s.metrics.BenchmarkPageLog           : BENCHMARK_PAGE|reader=PAGING|page=99|positionType=OFFSET|positionValue=99000|rows=1000|firstId=99001|lastId=100000|durationNanos=13994000
2026-08-13T03:54:06.736+09:00  INFO 57319 --- [settlement-batch-performance] [           main] c.e.s.metrics.BenchmarkPageLog           : BENCHMARK_PAGE|reader=PAGING|page=100|positionType=OFFSET|positionValue=100000|rows=0|firstId=|lastId=|durationNanos=9633459
2026-08-13T03:54:06.754+09:00  INFO 57319 --- [settlement-batch-performance] [           main] c.e.s.metrics.BenchmarkRunner            : BENCHMARK_RESULT|benchmarkId=20260813-100k-baseline-01|phase=MEASURED|round=3|sequence=7|reader=PAGING|jobExecutionId=7|status=COMPLETED|jobDurationNanos=1323980000|stepDurationNanos=1304415000|wallDurationNanos=1337309792|readCount=100000|writeCount=100000|skipCount=0|rollbackCount=0|failure=
2026-08-13T03:54:06.778+09:00  INFO 57319 --- [settlement-batch-performance] [           main] c.e.s.metrics.BenchmarkPageLog           : BENCHMARK_PAGE|reader=ZERO_OFFSET|page=0|positionType=LAST_ID|positionValue=INITIAL|rows=1000|firstId=1|lastId=1000|durationNanos=5252250
2026-08-13T03:54:06.787+09:00  INFO 57319 --- [settlement-batch-performance] [           main] c.e.s.metrics.BenchmarkPageLog           : BENCHMARK_PAGE|reader=ZERO_OFFSET|page=1|positionType=LAST_ID|positionValue=1000|rows=1000|firstId=1001|lastId=2000|durationNanos=4888000
2026-08-13T03:54:06.795+09:00  INFO 57319 --- [settlement-batch-performance] [           main] c.e.s.metrics.BenchmarkPageLog           : BENCHMARK_PAGE|reader=ZERO_OFFSET|page=2|positionType=LAST_ID|positionValue=2000|rows=1000|firstId=2001|lastId=3000|durationNanos=5009625
2026-08-13T03:54:06.804+09:00  INFO 57319 --- [settlement-batch-performance] [           main] c.e.s.metrics.BenchmarkPageLog           : BENCHMARK_PAGE|reader=ZERO_OFFSET|page=3|positionType=LAST_ID|positionValue=3000|rows=1000|firstId=3001|lastId=4000|durationNanos=4598083
2026-08-13T03:54:06.812+09:00  INFO 57319 --- [settlement-batch-performance] [           main] c.e.s.metrics.BenchmarkPageLog           : BENCHMARK_PAGE|reader=ZERO_OFFSET|page=4|positionType=LAST_ID|positionValue=4000|rows=1000|firstId=4001|lastId=5000|durationNanos=5021083
2026-08-13T03:54:06.821+09:00  INFO 57319 --- [settlement-batch-performance] [           main] c.e.s.metrics.BenchmarkPageLog           : BENCHMARK_PAGE|reader=ZERO_OFFSET|page=5|positionType=LAST_ID|positionValue=5000|rows=1000|firstId=5001|lastId=6000|durationNanos=4516458
2026-08-13T03:54:06.830+09:00  INFO 57319 --- [settlement-batch-performance] [           main] c.e.s.metrics.BenchmarkPageLog           : BENCHMARK_PAGE|reader=ZERO_OFFSET|page=6|positionType=LAST_ID|positionValue=6000|rows=1000|firstId=6001|lastId=7000|durationNanos=5078834
2026-08-13T03:54:06.839+09:00  INFO 57319 --- [settlement-batch-performance] [           main] c.e.s.metrics.BenchmarkPageLog           : BENCHMARK_PAGE|reader=ZERO_OFFSET|page=7|positionType=LAST_ID|positionValue=7000|rows=1000|firstId=7001|lastId=8000|durationNanos=4712375
2026-08-13T03:54:06.847+09:00  INFO 57319 --- [settlement-batch-performance] [           main] c.e.s.metrics.BenchmarkPageLog           : BENCHMARK_PAGE|reader=ZERO_OFFSET|page=8|positionType=LAST_ID|positionValue=8000|rows=1000|firstId=8001|lastId=9000|durationNanos=5076500
2026-08-13T03:54:06.856+09:00  INFO 57319 --- [settlement-batch-performance] [           main] c.e.s.metrics.BenchmarkPageLog           : BENCHMARK_PAGE|reader=ZERO_OFFSET|page=9|positionType=LAST_ID|positionValue=9000|rows=1000|firstId=9001|lastId=10000|durationNanos=4480625
2026-08-13T03:54:06.864+09:00  INFO 57319 --- [settlement-batch-performance] [           main] c.e.s.metrics.BenchmarkPageLog           : BENCHMARK_PAGE|reader=ZERO_OFFSET|page=10|positionType=LAST_ID|positionValue=10000|rows=1000|firstId=10001|lastId=11000|durationNanos=5135375
2026-08-13T03:54:06.873+09:00  INFO 57319 --- [settlement-batch-performance] [           main] c.e.s.metrics.BenchmarkPageLog           : BENCHMARK_PAGE|reader=ZERO_OFFSET|page=11|positionType=LAST_ID|positionValue=11000|rows=1000|firstId=11001|lastId=12000|durationNanos=4544791
2026-08-13T03:54:06.882+09:00  INFO 57319 --- [settlement-batch-performance] [           main] c.e.s.metrics.BenchmarkPageLog           : BENCHMARK_PAGE|reader=ZERO_OFFSET|page=12|positionType=LAST_ID|positionValue=12000|rows=1000|firstId=12001|lastId=13000|durationNanos=5200167
2026-08-13T03:54:06.891+09:00  INFO 57319 --- [settlement-batch-performance] [           main] c.e.s.metrics.BenchmarkPageLog           : BENCHMARK_PAGE|reader=ZERO_OFFSET|page=13|positionType=LAST_ID|positionValue=13000|rows=1000|firstId=13001|lastId=14000|durationNanos=5666875
2026-08-13T03:54:06.900+09:00  INFO 57319 --- [settlement-batch-performance] [           main] c.e.s.metrics.BenchmarkPageLog           : BENCHMARK_PAGE|reader=ZERO_OFFSET|page=14|positionType=LAST_ID|positionValue=14000|rows=1000|firstId=14001|lastId=15000|durationNanos=4547875
2026-08-13T03:54:06.908+09:00  INFO 57319 --- [settlement-batch-performance] [           main] c.e.s.metrics.BenchmarkPageLog           : BENCHMARK_PAGE|reader=ZERO_OFFSET|page=15|positionType=LAST_ID|positionValue=15000|rows=1000|firstId=15001|lastId=16000|durationNanos=4531708
2026-08-13T03:54:06.916+09:00  INFO 57319 --- [settlement-batch-performance] [           main] c.e.s.metrics.BenchmarkPageLog           : BENCHMARK_PAGE|reader=ZERO_OFFSET|page=16|positionType=LAST_ID|positionValue=16000|rows=1000|firstId=16001|lastId=17000|durationNanos=4533958
2026-08-13T03:54:06.925+09:00  INFO 57319 --- [settlement-batch-performance] [           main] c.e.s.metrics.BenchmarkPageLog           : BENCHMARK_PAGE|reader=ZERO_OFFSET|page=17|positionType=LAST_ID|positionValue=17000|rows=1000|firstId=17001|lastId=18000|durationNanos=4397792
2026-08-13T03:54:06.935+09:00  INFO 57319 --- [settlement-batch-performance] [           main] c.e.s.metrics.BenchmarkPageLog           : BENCHMARK_PAGE|reader=ZERO_OFFSET|page=18|positionType=LAST_ID|positionValue=18000|rows=1000|firstId=18001|lastId=19000|durationNanos=5498250
2026-08-13T03:54:06.943+09:00  INFO 57319 --- [settlement-batch-performance] [           main] c.e.s.metrics.BenchmarkPageLog           : BENCHMARK_PAGE|reader=ZERO_OFFSET|page=19|positionType=LAST_ID|positionValue=19000|rows=1000|firstId=19001|lastId=20000|durationNanos=4536459
2026-08-13T03:54:06.952+09:00  INFO 57319 --- [settlement-batch-performance] [           main] c.e.s.metrics.BenchmarkPageLog           : BENCHMARK_PAGE|reader=ZERO_OFFSET|page=20|positionType=LAST_ID|positionValue=20000|rows=1000|firstId=20001|lastId=21000|durationNanos=4763583
2026-08-13T03:54:06.960+09:00  INFO 57319 --- [settlement-batch-performance] [           main] c.e.s.metrics.BenchmarkPageLog           : BENCHMARK_PAGE|reader=ZERO_OFFSET|page=21|positionType=LAST_ID|positionValue=21000|rows=1000|firstId=21001|lastId=22000|durationNanos=4512500
2026-08-13T03:54:06.969+09:00  INFO 57319 --- [settlement-batch-performance] [           main] c.e.s.metrics.BenchmarkPageLog           : BENCHMARK_PAGE|reader=ZERO_OFFSET|page=22|positionType=LAST_ID|positionValue=22000|rows=1000|firstId=22001|lastId=23000|durationNanos=4632708
2026-08-13T03:54:06.977+09:00  INFO 57319 --- [settlement-batch-performance] [           main] c.e.s.metrics.BenchmarkPageLog           : BENCHMARK_PAGE|reader=ZERO_OFFSET|page=23|positionType=LAST_ID|positionValue=23000|rows=1000|firstId=23001|lastId=24000|durationNanos=4567875
2026-08-13T03:54:06.986+09:00  INFO 57319 --- [settlement-batch-performance] [           main] c.e.s.metrics.BenchmarkPageLog           : BENCHMARK_PAGE|reader=ZERO_OFFSET|page=24|positionType=LAST_ID|positionValue=24000|rows=1000|firstId=24001|lastId=25000|durationNanos=4819833
2026-08-13T03:54:06.994+09:00  INFO 57319 --- [settlement-batch-performance] [           main] c.e.s.metrics.BenchmarkPageLog           : BENCHMARK_PAGE|reader=ZERO_OFFSET|page=25|positionType=LAST_ID|positionValue=25000|rows=1000|firstId=25001|lastId=26000|durationNanos=4485166
2026-08-13T03:54:07.003+09:00  INFO 57319 --- [settlement-batch-performance] [           main] c.e.s.metrics.BenchmarkPageLog           : BENCHMARK_PAGE|reader=ZERO_OFFSET|page=26|positionType=LAST_ID|positionValue=26000|rows=1000|firstId=26001|lastId=27000|durationNanos=4703667
2026-08-13T03:54:07.011+09:00  INFO 57319 --- [settlement-batch-performance] [           main] c.e.s.metrics.BenchmarkPageLog           : BENCHMARK_PAGE|reader=ZERO_OFFSET|page=27|positionType=LAST_ID|positionValue=27000|rows=1000|firstId=27001|lastId=28000|durationNanos=5149916
2026-08-13T03:54:07.020+09:00  INFO 57319 --- [settlement-batch-performance] [           main] c.e.s.metrics.BenchmarkPageLog           : BENCHMARK_PAGE|reader=ZERO_OFFSET|page=28|positionType=LAST_ID|positionValue=28000|rows=1000|firstId=28001|lastId=29000|durationNanos=4589292
2026-08-13T03:54:07.028+09:00  INFO 57319 --- [settlement-batch-performance] [           main] c.e.s.metrics.BenchmarkPageLog           : BENCHMARK_PAGE|reader=ZERO_OFFSET|page=29|positionType=LAST_ID|positionValue=29000|rows=1000|firstId=29001|lastId=30000|durationNanos=5060042
2026-08-13T03:54:07.037+09:00  INFO 57319 --- [settlement-batch-performance] [           main] c.e.s.metrics.BenchmarkPageLog           : BENCHMARK_PAGE|reader=ZERO_OFFSET|page=30|positionType=LAST_ID|positionValue=30000|rows=1000|firstId=30001|lastId=31000|durationNanos=4663000
2026-08-13T03:54:07.045+09:00  INFO 57319 --- [settlement-batch-performance] [           main] c.e.s.metrics.BenchmarkPageLog           : BENCHMARK_PAGE|reader=ZERO_OFFSET|page=31|positionType=LAST_ID|positionValue=31000|rows=1000|firstId=31001|lastId=32000|durationNanos=5580958
2026-08-13T03:54:07.054+09:00  INFO 57319 --- [settlement-batch-performance] [           main] c.e.s.metrics.BenchmarkPageLog           : BENCHMARK_PAGE|reader=ZERO_OFFSET|page=32|positionType=LAST_ID|positionValue=32000|rows=1000|firstId=32001|lastId=33000|durationNanos=4608834
2026-08-13T03:54:07.062+09:00  INFO 57319 --- [settlement-batch-performance] [           main] c.e.s.metrics.BenchmarkPageLog           : BENCHMARK_PAGE|reader=ZERO_OFFSET|page=33|positionType=LAST_ID|positionValue=33000|rows=1000|firstId=33001|lastId=34000|durationNanos=4962375
2026-08-13T03:54:07.070+09:00  INFO 57319 --- [settlement-batch-performance] [           main] c.e.s.metrics.BenchmarkPageLog           : BENCHMARK_PAGE|reader=ZERO_OFFSET|page=34|positionType=LAST_ID|positionValue=34000|rows=1000|firstId=34001|lastId=35000|durationNanos=4617625
2026-08-13T03:54:07.079+09:00  INFO 57319 --- [settlement-batch-performance] [           main] c.e.s.metrics.BenchmarkPageLog           : BENCHMARK_PAGE|reader=ZERO_OFFSET|page=35|positionType=LAST_ID|positionValue=35000|rows=1000|firstId=35001|lastId=36000|durationNanos=4931458
2026-08-13T03:54:07.087+09:00  INFO 57319 --- [settlement-batch-performance] [           main] c.e.s.metrics.BenchmarkPageLog           : BENCHMARK_PAGE|reader=ZERO_OFFSET|page=36|positionType=LAST_ID|positionValue=36000|rows=1000|firstId=36001|lastId=37000|durationNanos=4608709
2026-08-13T03:54:07.096+09:00  INFO 57319 --- [settlement-batch-performance] [           main] c.e.s.metrics.BenchmarkPageLog           : BENCHMARK_PAGE|reader=ZERO_OFFSET|page=37|positionType=LAST_ID|positionValue=37000|rows=1000|firstId=37001|lastId=38000|durationNanos=5017167
2026-08-13T03:54:07.104+09:00  INFO 57319 --- [settlement-batch-performance] [           main] c.e.s.metrics.BenchmarkPageLog           : BENCHMARK_PAGE|reader=ZERO_OFFSET|page=38|positionType=LAST_ID|positionValue=38000|rows=1000|firstId=38001|lastId=39000|durationNanos=4572334
2026-08-13T03:54:07.113+09:00  INFO 57319 --- [settlement-batch-performance] [           main] c.e.s.metrics.BenchmarkPageLog           : BENCHMARK_PAGE|reader=ZERO_OFFSET|page=39|positionType=LAST_ID|positionValue=39000|rows=1000|firstId=39001|lastId=40000|durationNanos=5055042
2026-08-13T03:54:07.123+09:00  INFO 57319 --- [settlement-batch-performance] [           main] c.e.s.metrics.BenchmarkPageLog           : BENCHMARK_PAGE|reader=ZERO_OFFSET|page=40|positionType=LAST_ID|positionValue=40000|rows=1000|firstId=40001|lastId=41000|durationNanos=6712958
2026-08-13T03:54:07.132+09:00  INFO 57319 --- [settlement-batch-performance] [           main] c.e.s.metrics.BenchmarkPageLog           : BENCHMARK_PAGE|reader=ZERO_OFFSET|page=41|positionType=LAST_ID|positionValue=41000|rows=1000|firstId=41001|lastId=42000|durationNanos=4925208
2026-08-13T03:54:07.140+09:00  INFO 57319 --- [settlement-batch-performance] [           main] c.e.s.metrics.BenchmarkPageLog           : BENCHMARK_PAGE|reader=ZERO_OFFSET|page=42|positionType=LAST_ID|positionValue=42000|rows=1000|firstId=42001|lastId=43000|durationNanos=4475042
2026-08-13T03:54:07.149+09:00  INFO 57319 --- [settlement-batch-performance] [           main] c.e.s.metrics.BenchmarkPageLog           : BENCHMARK_PAGE|reader=ZERO_OFFSET|page=43|positionType=LAST_ID|positionValue=43000|rows=1000|firstId=43001|lastId=44000|durationNanos=4587709
2026-08-13T03:54:07.158+09:00  INFO 57319 --- [settlement-batch-performance] [           main] c.e.s.metrics.BenchmarkPageLog           : BENCHMARK_PAGE|reader=ZERO_OFFSET|page=44|positionType=LAST_ID|positionValue=44000|rows=1000|firstId=44001|lastId=45000|durationNanos=4979125
2026-08-13T03:54:07.166+09:00  INFO 57319 --- [settlement-batch-performance] [           main] c.e.s.metrics.BenchmarkPageLog           : BENCHMARK_PAGE|reader=ZERO_OFFSET|page=45|positionType=LAST_ID|positionValue=45000|rows=1000|firstId=45001|lastId=46000|durationNanos=4652958
2026-08-13T03:54:07.175+09:00  INFO 57319 --- [settlement-batch-performance] [           main] c.e.s.metrics.BenchmarkPageLog           : BENCHMARK_PAGE|reader=ZERO_OFFSET|page=46|positionType=LAST_ID|positionValue=46000|rows=1000|firstId=46001|lastId=47000|durationNanos=4630542
2026-08-13T03:54:07.183+09:00  INFO 57319 --- [settlement-batch-performance] [           main] c.e.s.metrics.BenchmarkPageLog           : BENCHMARK_PAGE|reader=ZERO_OFFSET|page=47|positionType=LAST_ID|positionValue=47000|rows=1000|firstId=47001|lastId=48000|durationNanos=4556250
2026-08-13T03:54:07.192+09:00  INFO 57319 --- [settlement-batch-performance] [           main] c.e.s.metrics.BenchmarkPageLog           : BENCHMARK_PAGE|reader=ZERO_OFFSET|page=48|positionType=LAST_ID|positionValue=48000|rows=1000|firstId=48001|lastId=49000|durationNanos=4447500
2026-08-13T03:54:07.200+09:00  INFO 57319 --- [settlement-batch-performance] [           main] c.e.s.metrics.BenchmarkPageLog           : BENCHMARK_PAGE|reader=ZERO_OFFSET|page=49|positionType=LAST_ID|positionValue=49000|rows=1000|firstId=49001|lastId=50000|durationNanos=4584125
2026-08-13T03:54:07.208+09:00  INFO 57319 --- [settlement-batch-performance] [           main] c.e.s.metrics.BenchmarkPageLog           : BENCHMARK_PAGE|reader=ZERO_OFFSET|page=50|positionType=LAST_ID|positionValue=50000|rows=1000|firstId=50001|lastId=51000|durationNanos=4492916
2026-08-13T03:54:07.217+09:00  INFO 57319 --- [settlement-batch-performance] [           main] c.e.s.metrics.BenchmarkPageLog           : BENCHMARK_PAGE|reader=ZERO_OFFSET|page=51|positionType=LAST_ID|positionValue=51000|rows=1000|firstId=51001|lastId=52000|durationNanos=4588792
2026-08-13T03:54:07.225+09:00  INFO 57319 --- [settlement-batch-performance] [           main] c.e.s.metrics.BenchmarkPageLog           : BENCHMARK_PAGE|reader=ZERO_OFFSET|page=52|positionType=LAST_ID|positionValue=52000|rows=1000|firstId=52001|lastId=53000|durationNanos=4544375
2026-08-13T03:54:07.233+09:00  INFO 57319 --- [settlement-batch-performance] [           main] c.e.s.metrics.BenchmarkPageLog           : BENCHMARK_PAGE|reader=ZERO_OFFSET|page=53|positionType=LAST_ID|positionValue=53000|rows=1000|firstId=53001|lastId=54000|durationNanos=4676459
2026-08-13T03:54:07.242+09:00  INFO 57319 --- [settlement-batch-performance] [           main] c.e.s.metrics.BenchmarkPageLog           : BENCHMARK_PAGE|reader=ZERO_OFFSET|page=54|positionType=LAST_ID|positionValue=54000|rows=1000|firstId=54001|lastId=55000|durationNanos=4597959
2026-08-13T03:54:07.251+09:00  INFO 57319 --- [settlement-batch-performance] [           main] c.e.s.metrics.BenchmarkPageLog           : BENCHMARK_PAGE|reader=ZERO_OFFSET|page=55|positionType=LAST_ID|positionValue=55000|rows=1000|firstId=55001|lastId=56000|durationNanos=4571500
2026-08-13T03:54:07.259+09:00  INFO 57319 --- [settlement-batch-performance] [           main] c.e.s.metrics.BenchmarkPageLog           : BENCHMARK_PAGE|reader=ZERO_OFFSET|page=56|positionType=LAST_ID|positionValue=56000|rows=1000|firstId=56001|lastId=57000|durationNanos=4611625
2026-08-13T03:54:07.268+09:00  INFO 57319 --- [settlement-batch-performance] [           main] c.e.s.metrics.BenchmarkPageLog           : BENCHMARK_PAGE|reader=ZERO_OFFSET|page=57|positionType=LAST_ID|positionValue=57000|rows=1000|firstId=57001|lastId=58000|durationNanos=4385833
2026-08-13T03:54:07.276+09:00  INFO 57319 --- [settlement-batch-performance] [           main] c.e.s.metrics.BenchmarkPageLog           : BENCHMARK_PAGE|reader=ZERO_OFFSET|page=58|positionType=LAST_ID|positionValue=58000|rows=1000|firstId=58001|lastId=59000|durationNanos=4417000
2026-08-13T03:54:07.284+09:00  INFO 57319 --- [settlement-batch-performance] [           main] c.e.s.metrics.BenchmarkPageLog           : BENCHMARK_PAGE|reader=ZERO_OFFSET|page=59|positionType=LAST_ID|positionValue=59000|rows=1000|firstId=59001|lastId=60000|durationNanos=4475375
2026-08-13T03:54:07.292+09:00  INFO 57319 --- [settlement-batch-performance] [           main] c.e.s.metrics.BenchmarkPageLog           : BENCHMARK_PAGE|reader=ZERO_OFFSET|page=60|positionType=LAST_ID|positionValue=60000|rows=1000|firstId=60001|lastId=61000|durationNanos=4442000
2026-08-13T03:54:07.301+09:00  INFO 57319 --- [settlement-batch-performance] [           main] c.e.s.metrics.BenchmarkPageLog           : BENCHMARK_PAGE|reader=ZERO_OFFSET|page=61|positionType=LAST_ID|positionValue=61000|rows=1000|firstId=61001|lastId=62000|durationNanos=4678500
2026-08-13T03:54:07.309+09:00  INFO 57319 --- [settlement-batch-performance] [           main] c.e.s.metrics.BenchmarkPageLog           : BENCHMARK_PAGE|reader=ZERO_OFFSET|page=62|positionType=LAST_ID|positionValue=62000|rows=1000|firstId=62001|lastId=63000|durationNanos=4682667
2026-08-13T03:54:07.317+09:00  INFO 57319 --- [settlement-batch-performance] [           main] c.e.s.metrics.BenchmarkPageLog           : BENCHMARK_PAGE|reader=ZERO_OFFSET|page=63|positionType=LAST_ID|positionValue=63000|rows=1000|firstId=63001|lastId=64000|durationNanos=4471125
2026-08-13T03:54:07.325+09:00  INFO 57319 --- [settlement-batch-performance] [           main] c.e.s.metrics.BenchmarkPageLog           : BENCHMARK_PAGE|reader=ZERO_OFFSET|page=64|positionType=LAST_ID|positionValue=64000|rows=1000|firstId=64001|lastId=65000|durationNanos=4161041
2026-08-13T03:54:07.333+09:00  INFO 57319 --- [settlement-batch-performance] [           main] c.e.s.metrics.BenchmarkPageLog           : BENCHMARK_PAGE|reader=ZERO_OFFSET|page=65|positionType=LAST_ID|positionValue=65000|rows=1000|firstId=65001|lastId=66000|durationNanos=4429625
2026-08-13T03:54:07.341+09:00  INFO 57319 --- [settlement-batch-performance] [           main] c.e.s.metrics.BenchmarkPageLog           : BENCHMARK_PAGE|reader=ZERO_OFFSET|page=66|positionType=LAST_ID|positionValue=66000|rows=1000|firstId=66001|lastId=67000|durationNanos=4289292
2026-08-13T03:54:07.352+09:00  INFO 57319 --- [settlement-batch-performance] [           main] c.e.s.metrics.BenchmarkPageLog           : BENCHMARK_PAGE|reader=ZERO_OFFSET|page=67|positionType=LAST_ID|positionValue=67000|rows=1000|firstId=67001|lastId=68000|durationNanos=6699458
2026-08-13T03:54:07.359+09:00  INFO 57319 --- [settlement-batch-performance] [           main] c.e.s.metrics.BenchmarkPageLog           : BENCHMARK_PAGE|reader=ZERO_OFFSET|page=68|positionType=LAST_ID|positionValue=68000|rows=1000|firstId=68001|lastId=69000|durationNanos=4279500
2026-08-13T03:54:07.369+09:00  INFO 57319 --- [settlement-batch-performance] [           main] c.e.s.metrics.BenchmarkPageLog           : BENCHMARK_PAGE|reader=ZERO_OFFSET|page=69|positionType=LAST_ID|positionValue=69000|rows=1000|firstId=69001|lastId=70000|durationNanos=5326958
2026-08-13T03:54:07.378+09:00  INFO 57319 --- [settlement-batch-performance] [           main] c.e.s.metrics.BenchmarkPageLog           : BENCHMARK_PAGE|reader=ZERO_OFFSET|page=70|positionType=LAST_ID|positionValue=70000|rows=1000|firstId=70001|lastId=71000|durationNanos=4994875
2026-08-13T03:54:07.386+09:00  INFO 57319 --- [settlement-batch-performance] [           main] c.e.s.metrics.BenchmarkPageLog           : BENCHMARK_PAGE|reader=ZERO_OFFSET|page=71|positionType=LAST_ID|positionValue=71000|rows=1000|firstId=71001|lastId=72000|durationNanos=4374833
2026-08-13T03:54:07.394+09:00  INFO 57319 --- [settlement-batch-performance] [           main] c.e.s.metrics.BenchmarkPageLog           : BENCHMARK_PAGE|reader=ZERO_OFFSET|page=72|positionType=LAST_ID|positionValue=72000|rows=1000|firstId=72001|lastId=73000|durationNanos=4578875
2026-08-13T03:54:07.402+09:00  INFO 57319 --- [settlement-batch-performance] [           main] c.e.s.metrics.BenchmarkPageLog           : BENCHMARK_PAGE|reader=ZERO_OFFSET|page=73|positionType=LAST_ID|positionValue=73000|rows=1000|firstId=73001|lastId=74000|durationNanos=4366750
2026-08-13T03:54:07.410+09:00  INFO 57319 --- [settlement-batch-performance] [           main] c.e.s.metrics.BenchmarkPageLog           : BENCHMARK_PAGE|reader=ZERO_OFFSET|page=74|positionType=LAST_ID|positionValue=74000|rows=1000|firstId=74001|lastId=75000|durationNanos=4601083
2026-08-13T03:54:07.418+09:00  INFO 57319 --- [settlement-batch-performance] [           main] c.e.s.metrics.BenchmarkPageLog           : BENCHMARK_PAGE|reader=ZERO_OFFSET|page=75|positionType=LAST_ID|positionValue=75000|rows=1000|firstId=75001|lastId=76000|durationNanos=4395542
2026-08-13T03:54:07.426+09:00  INFO 57319 --- [settlement-batch-performance] [           main] c.e.s.metrics.BenchmarkPageLog           : BENCHMARK_PAGE|reader=ZERO_OFFSET|page=76|positionType=LAST_ID|positionValue=76000|rows=1000|firstId=76001|lastId=77000|durationNanos=4157791
2026-08-13T03:54:07.434+09:00  INFO 57319 --- [settlement-batch-performance] [           main] c.e.s.metrics.BenchmarkPageLog           : BENCHMARK_PAGE|reader=ZERO_OFFSET|page=77|positionType=LAST_ID|positionValue=77000|rows=1000|firstId=77001|lastId=78000|durationNanos=4477792
2026-08-13T03:54:07.441+09:00  INFO 57319 --- [settlement-batch-performance] [           main] c.e.s.metrics.BenchmarkPageLog           : BENCHMARK_PAGE|reader=ZERO_OFFSET|page=78|positionType=LAST_ID|positionValue=78000|rows=1000|firstId=78001|lastId=79000|durationNanos=4263542
2026-08-13T03:54:07.449+09:00  INFO 57319 --- [settlement-batch-performance] [           main] c.e.s.metrics.BenchmarkPageLog           : BENCHMARK_PAGE|reader=ZERO_OFFSET|page=79|positionType=LAST_ID|positionValue=79000|rows=1000|firstId=79001|lastId=80000|durationNanos=4332166
2026-08-13T03:54:07.457+09:00  INFO 57319 --- [settlement-batch-performance] [           main] c.e.s.metrics.BenchmarkPageLog           : BENCHMARK_PAGE|reader=ZERO_OFFSET|page=80|positionType=LAST_ID|positionValue=80000|rows=1000|firstId=80001|lastId=81000|durationNanos=4233208
2026-08-13T03:54:07.465+09:00  INFO 57319 --- [settlement-batch-performance] [           main] c.e.s.metrics.BenchmarkPageLog           : BENCHMARK_PAGE|reader=ZERO_OFFSET|page=81|positionType=LAST_ID|positionValue=81000|rows=1000|firstId=81001|lastId=82000|durationNanos=5130375
2026-08-13T03:54:07.474+09:00  INFO 57319 --- [settlement-batch-performance] [           main] c.e.s.metrics.BenchmarkPageLog           : BENCHMARK_PAGE|reader=ZERO_OFFSET|page=82|positionType=LAST_ID|positionValue=82000|rows=1000|firstId=82001|lastId=83000|durationNanos=4936917
2026-08-13T03:54:07.483+09:00  INFO 57319 --- [settlement-batch-performance] [           main] c.e.s.metrics.BenchmarkPageLog           : BENCHMARK_PAGE|reader=ZERO_OFFSET|page=83|positionType=LAST_ID|positionValue=83000|rows=1000|firstId=83001|lastId=84000|durationNanos=4487416
2026-08-13T03:54:07.491+09:00  INFO 57319 --- [settlement-batch-performance] [           main] c.e.s.metrics.BenchmarkPageLog           : BENCHMARK_PAGE|reader=ZERO_OFFSET|page=84|positionType=LAST_ID|positionValue=84000|rows=1000|firstId=84001|lastId=85000|durationNanos=4328917
2026-08-13T03:54:07.499+09:00  INFO 57319 --- [settlement-batch-performance] [           main] c.e.s.metrics.BenchmarkPageLog           : BENCHMARK_PAGE|reader=ZERO_OFFSET|page=85|positionType=LAST_ID|positionValue=85000|rows=1000|firstId=85001|lastId=86000|durationNanos=4631583
2026-08-13T03:54:07.507+09:00  INFO 57319 --- [settlement-batch-performance] [           main] c.e.s.metrics.BenchmarkPageLog           : BENCHMARK_PAGE|reader=ZERO_OFFSET|page=86|positionType=LAST_ID|positionValue=86000|rows=1000|firstId=86001|lastId=87000|durationNanos=4163333
2026-08-13T03:54:07.515+09:00  INFO 57319 --- [settlement-batch-performance] [           main] c.e.s.metrics.BenchmarkPageLog           : BENCHMARK_PAGE|reader=ZERO_OFFSET|page=87|positionType=LAST_ID|positionValue=87000|rows=1000|firstId=87001|lastId=88000|durationNanos=4923208
2026-08-13T03:54:07.523+09:00  INFO 57319 --- [settlement-batch-performance] [           main] c.e.s.metrics.BenchmarkPageLog           : BENCHMARK_PAGE|reader=ZERO_OFFSET|page=88|positionType=LAST_ID|positionValue=88000|rows=1000|firstId=88001|lastId=89000|durationNanos=4385417
2026-08-13T03:54:07.532+09:00  INFO 57319 --- [settlement-batch-performance] [           main] c.e.s.metrics.BenchmarkPageLog           : BENCHMARK_PAGE|reader=ZERO_OFFSET|page=89|positionType=LAST_ID|positionValue=89000|rows=1000|firstId=89001|lastId=90000|durationNanos=4856834
2026-08-13T03:54:07.540+09:00  INFO 57319 --- [settlement-batch-performance] [           main] c.e.s.metrics.BenchmarkPageLog           : BENCHMARK_PAGE|reader=ZERO_OFFSET|page=90|positionType=LAST_ID|positionValue=90000|rows=1000|firstId=90001|lastId=91000|durationNanos=4256083
2026-08-13T03:54:07.548+09:00  INFO 57319 --- [settlement-batch-performance] [           main] c.e.s.metrics.BenchmarkPageLog           : BENCHMARK_PAGE|reader=ZERO_OFFSET|page=91|positionType=LAST_ID|positionValue=91000|rows=1000|firstId=91001|lastId=92000|durationNanos=4903959
2026-08-13T03:54:07.556+09:00  INFO 57319 --- [settlement-batch-performance] [           main] c.e.s.metrics.BenchmarkPageLog           : BENCHMARK_PAGE|reader=ZERO_OFFSET|page=92|positionType=LAST_ID|positionValue=92000|rows=1000|firstId=92001|lastId=93000|durationNanos=4394916
2026-08-13T03:54:07.565+09:00  INFO 57319 --- [settlement-batch-performance] [           main] c.e.s.metrics.BenchmarkPageLog           : BENCHMARK_PAGE|reader=ZERO_OFFSET|page=93|positionType=LAST_ID|positionValue=93000|rows=1000|firstId=93001|lastId=94000|durationNanos=4659167
2026-08-13T03:54:07.575+09:00  INFO 57319 --- [settlement-batch-performance] [           main] c.e.s.metrics.BenchmarkPageLog           : BENCHMARK_PAGE|reader=ZERO_OFFSET|page=94|positionType=LAST_ID|positionValue=94000|rows=1000|firstId=94001|lastId=95000|durationNanos=6213625
2026-08-13T03:54:07.584+09:00  INFO 57319 --- [settlement-batch-performance] [           main] c.e.s.metrics.BenchmarkPageLog           : BENCHMARK_PAGE|reader=ZERO_OFFSET|page=95|positionType=LAST_ID|positionValue=95000|rows=1000|firstId=95001|lastId=96000|durationNanos=4993792
2026-08-13T03:54:07.593+09:00  INFO 57319 --- [settlement-batch-performance] [           main] c.e.s.metrics.BenchmarkPageLog           : BENCHMARK_PAGE|reader=ZERO_OFFSET|page=96|positionType=LAST_ID|positionValue=96000|rows=1000|firstId=96001|lastId=97000|durationNanos=4552292
2026-08-13T03:54:07.601+09:00  INFO 57319 --- [settlement-batch-performance] [           main] c.e.s.metrics.BenchmarkPageLog           : BENCHMARK_PAGE|reader=ZERO_OFFSET|page=97|positionType=LAST_ID|positionValue=97000|rows=1000|firstId=97001|lastId=98000|durationNanos=4451917
2026-08-13T03:54:07.608+09:00  INFO 57319 --- [settlement-batch-performance] [           main] c.e.s.metrics.BenchmarkPageLog           : BENCHMARK_PAGE|reader=ZERO_OFFSET|page=98|positionType=LAST_ID|positionValue=98000|rows=1000|firstId=98001|lastId=99000|durationNanos=4221291
2026-08-13T03:54:07.617+09:00  INFO 57319 --- [settlement-batch-performance] [           main] c.e.s.metrics.BenchmarkPageLog           : BENCHMARK_PAGE|reader=ZERO_OFFSET|page=99|positionType=LAST_ID|positionValue=99000|rows=1000|firstId=99001|lastId=100000|durationNanos=4414042
2026-08-13T03:54:07.621+09:00  INFO 57319 --- [settlement-batch-performance] [           main] c.e.s.metrics.BenchmarkPageLog           : BENCHMARK_PAGE|reader=ZERO_OFFSET|page=100|positionType=LAST_ID|positionValue=100000|rows=0|firstId=|lastId=|durationNanos=818833
2026-08-13T03:54:07.633+09:00  INFO 57319 --- [settlement-batch-performance] [           main] c.e.s.metrics.BenchmarkRunner            : BENCHMARK_RESULT|benchmarkId=20260813-100k-baseline-01|phase=MEASURED|round=3|sequence=8|reader=ZERO_OFFSET|jobExecutionId=8|status=COMPLETED|jobDurationNanos=865686000|stepDurationNanos=851522000|wallDurationNanos=878673583|readCount=100000|writeCount=100000|skipCount=0|rollbackCount=0|failure=
